ticker,n_quotes,avg_iv,best_bucket,best_bucket_avg_pnl,latest_price
ABTC,22,155%,0.0-0.5%,$0.40,$1.13
ABVX,180,96%,1.0-1.5%,$2.52,$124.99
ABAT,45,141%,0.5-1.0%,$0.22,$3.80
ABR,206,58%,3.5-4.0%,$-0.14,$7.72
ACI,171,43%,4.5-5.0%,$0.14,$18.57
ACHR,505,91%,4.0-4.5%,$0.14,$6.77
AAOI,1410,115%,0.0-0.5%,$0.54,$44.46
AAL,2691,58%,3.0-3.5%,$0.07,$13.88
ABBV,2841,35%,4.5-5.0%,$-2.13,$231.50
AAP,3832,61%,4.5-5.0%,$-1.66,$58.85
AEM,873,43%,1.0-1.5%,$0.49,$216.59
AA,6075,63%,0.5-1.0%,$-0.25,$59.95
AES,189,56%,4.5-5.0%,$0.10,$16.28
ABT,6788,36%,4.5-5.0%,$-1.65,$112.68
ADP,3461,32%,4.0-4.5%,$-2.94,$212.11
ADI,4845,41%,4.0-4.5%,$-1.59,$337.10
ACN,6133,36%,4.5-5.0%,$-3.12,$224.23
AGNC,93,29%,2.5-3.0%,$0.02,$11.36
ABNB,9891,54%,1.0-1.5%,$0.17,$121.35
AEO,1534,60%,3.5-4.0%,$-0.16,$25.48
AAPL,9759,41%,4.0-4.5%,$-0.10,$255.78
ADBE,12294,44%,3.0-3.5%,$-0.74,$263.97
ADSK,6157,48%,2.0-2.5%,$-0.04,$231.22
AFL,2162,30%,4.5-5.0%,$-0.57,$114.91
AG,1539,68%,4.0-4.5%,$-0.01,$22.96
AFRM,5322,90%,1.5-2.0%,$0.13,$49.81
AMC,374,93%,2.5-3.0%,$0.20,$1.23
ALAB,1712,90%,1.0-1.5%,$0.61,$129.32
ALT,516,126%,1.5-2.0%,$0.27,$4.53
AGQ,2296,88%,2.0-2.5%,$-0.33,$133.16
AIG,2313,38%,4.0-4.5%,$-0.63,$78.27
AI,2990,78%,1.5-2.0%,$0.17,$10.78
ANET,1862,57%,2.0-2.5%,$0.51,$141.59
ANVS,80,27032%,3.5-4.0%,$0.38,$2.37
AMBA,5744,71%,4.5-5.0%,$-0.04,$66.21
ALB,5000,59%,4.0-4.5%,$-2.12,$166.35
AMAT,9190,50%,3.5-4.0%,$-0.57,$354.91
ALGN,7194,56%,4.5-5.0%,$-0.54,$186.77
AMGN,4044,38%,4.5-5.0%,$-3.09,$369.19
AMD,9764,55%,0.0-0.5%,$0.51,$207.32
APA,1581,48%,4.0-4.5%,$-0.74,$27.92
AMZN,7035,46%,0.0-0.5%,$0.80,$198.79
APT,288,107%,4.0-4.5%,$0.12,$5.19
ASPI,134,137%,4.5-5.0%,$0.30,$5.22
APLD,987,115%,1.5-2.0%,$0.47,$35.28
ANF,5072,65%,4.0-4.5%,$0.39,$93.70
ATYR,9,273%,3.0-3.5%,$0.05,$0.89
AR,2910,60%,1.0-1.5%,$0.02,$34.76
APO,4196,46%,4.5-5.0%,$-0.83,$125.07
ASO,2893,58%,4.5-5.0%,$-0.18,$58.56
ARM,5102,66%,3.5-4.0%,$0.15,$125.28
AUR,145,96%,0.0-0.5%,$0.11,$4.48
APP,4820,76%,2.0-2.5%,$-1.75,$390.55
ASAN,1309,77%,3.0-3.5%,$0.15,$7.56
ASTS,2156,109%,4.0-4.5%,$0.58,$82.51
AVAV,1168,62%,2.5-3.0%,$-2.43,$243.87
BBAI,280,133%,0.5-1.0%,$0.14,$4.08
ASML,15004,46%,3.5-4.0%,$-4.46,$1406.61
AVGO,3439,55%,0.5-1.0%,$0.92,$325.17
BAX,1789,39%,4.5-5.0%,$-1.27,$19.79
BBWI,2314,56%,4.5-5.0%,$-0.62,$24.07
AXP,8031,41%,4.5-5.0%,$-0.49,$337.50
BAC,4030,38%,3.5-4.0%,$-0.40,$52.55
BBY,2265,47%,4.5-5.0%,$-1.37,$65.80
BABA,8614,54%,4.5-5.0%,$-1.93,$155.73
BB,883,84%,3.0-3.5%,$0.23,$3.46
BA,8140,47%,2.5-3.0%,$-0.02,$242.96
BHC,1458,71%,3.0-3.5%,$0.05,$5.99
BEKE,1391,66%,3.5-4.0%,$-0.06,$17.55
BE,1961,101%,2.5-3.0%,$1.16,$139.74
BITF,148,126%,4.5-5.0%,$0.08,$2.14
BKKT,191,156%,0.0-0.5%,$0.14,$10.77
BKSY,237,107%,1.5-2.0%,$0.58,$21.48
BIIB,4626,49%,4.0-4.5%,$0.50,$196.52
BRR,2,62%,0.5-1.0%,$0.05,$2.52
BIDU,9555,56%,4.5-5.0%,$-0.25,$137.01
BILI,3868,79%,4.0-4.5%,$-0.12,$30.60
BLSH,558,85%,4.0-4.5%,$-0.36,$31.73
BMNR,738,111%,4.0-4.5%,$0.37,$20.96
BTG,27,61%,1.0-1.5%,$0.06,$5.40
BILL,4955,78%,2.0-2.5%,$0.04,$46.99
BMY,1792,41%,4.0-4.5%,$-0.65,$60.74
BTDR,525,111%,3.5-4.0%,$0.58,$10.08
BTBT,366,127%,0.0-0.5%,$0.14,$1.76
BP,1203,39%,4.5-5.0%,$-0.57,$37.66
BULL,313,94%,4.5-5.0%,$0.17,$6.01
BOIL,1574,108%,1.5-2.0%,$-0.10,$18.97
BSX,2465,36%,2.0-2.5%,$0.09,$74.73
BROS,1833,74%,4.5-5.0%,$0.25,$53.20
CCCX,88,111%,1.0-1.5%,$-0.13,$13.66
B,517,50%,0.5-1.0%,$0.44,$47.91
BLK,8568,33%,4.5-5.0%,$-7.95,$1071.51
BTU,2170,62%,3.0-3.5%,$-0.13,$34.45
CAG,263,32%,4.5-5.0%,$-0.32,$19.76
BUD,2970,39%,3.5-4.0%,$-0.67,$80.39
BX,4216,44%,4.5-5.0%,$-1.60,$129.86
BURL,5076,56%,1.0-1.5%,$0.83,$302.37
BYND,3521,91%,2.5-3.0%,$0.45,$0.71
CART,1519,59%,2.5-3.0%,$0.26,$36.30
BKNG,32164,41%,4.5-5.0%,$-6.51,$4140.60
CAH,2718,34%,4.5-5.0%,$-0.35,$220.79
CDE,243,86%,3.0-3.5%,$0.26,$22.42
CAVA,3333,65%,3.0-3.5%,$-0.03,$63.50
CHPT,117,106%,3.5-4.0%,$0.26,$5.90
CAR,6326,74%,4.5-5.0%,$-1.79,$118.35
CBOE,4159,36%,4.5-5.0%,$-0.53,$275.11
CC,596,60%,4.0-4.5%,$-0.36,$20.52
CCL,3129,61%,0.5-1.0%,$0.10,$31.77
CAT,8758,41%,4.5-5.0%,$-1.66,$774.20
CCJ,5442,58%,1.5-2.0%,$0.19,$112.90
CGC,280,128%,1.5-2.0%,$0.33,$1.08
CELH,2696,67%,4.5-5.0%,$0.11,$44.68
CDNS,1112,46%,4.0-4.5%,$-0.22,$299.46
CEG,2448,57%,0.5-1.0%,$-0.07,$288.43
CF,4042,48%,4.5-5.0%,$-1.52,$94.66
CIFR,558,123%,2.5-3.0%,$0.40,$16.42
CIEN,1993,56%,0.0-0.5%,$0.90,$303.92
CLOV,466,96%,0.5-1.0%,$0.16,$2.02
CHWY,6030,68%,3.0-3.5%,$-0.17,$24.23
CMCSA,334,36%,4.5-5.0%,$-0.98,$31.57
CLF,2985,65%,1.5-2.0%,$0.08,$10.38
CNQ,407,41%,2.5-3.0%,$0.01,$40.68
CLSK,1053,106%,1.5-2.0%,$0.23,$9.85
CHTR,7625,48%,3.5-4.0%,$-0.72,$239.09
CME,648,26%,4.5-5.0%,$-2.47,$303.07
CMG,1668,44%,4.5-5.0%,$-0.10,$36.30
CLS,2467,76%,0.5-1.0%,$1.77,$280.66
CL,1659,27%,4.0-4.5%,$-0.92,$96.67
CI,5383,35%,4.5-5.0%,$-2.90,$291.44
CNC,3841,44%,4.0-4.5%,$0.06,$40.58
CRML,140,157%,4.0-4.5%,$0.51,$9.24
CORZ,625,88%,0.5-1.0%,$0.31,$17.84
CPB,574,32%,4.0-4.5%,$-0.38,$29.49
CRCL,1262,89%,3.5-4.0%,$-1.03,$60.04
COHR,2512,70%,1.5-2.0%,$0.60,$217.23
CPNG,2317,62%,3.0-3.5%,$0.03,$16.98
COF,7258,45%,4.5-5.0%,$-1.66,$207.37
CRDO,1119,93%,4.0-4.5%,$2.03,$121.44
COP,4042,37%,4.0-4.5%,$-1.90,$110.57
CRH,1121,51%,4.0-4.5%,$0.24,$125.97
CRWV,1651,105%,0.5-1.0%,$0.73,$96.04
COIN,8754,85%,2.5-3.0%,$-0.24,$164.32
CROX,4467,56%,3.0-3.5%,$-0.16,$96.88
CRSP,5290,72%,4.0-4.5%,$-0.16,$53.07
COST,13565,34%,4.5-5.0%,$-1.45,$1018.48
CWAN,23,59%,4.0-4.5%,$0.25,$23.15
CRM,8315,44%,4.0-4.5%,$0.13,$189.72
CSIQ,2909,73%,4.5-5.0%,$-0.02,$19.39
CSCO,2630,31%,4.5-5.0%,$-0.54,$76.85
CTAS,525,35%,4.5-5.0%,$0.49,$193.44
CSX,1362,31%,4.5-5.0%,$-0.30,$40.87
CRWD,10794,55%,1.5-2.0%,$0.59,$429.64
CVS,2396,45%,3.5-4.0%,$-0.89,$78.48
CTRA,731,34%,4.5-5.0%,$-0.27,$31.37
CVX,3320,33%,4.5-5.0%,$-1.64,$183.74
DFDV,61,141%,4.0-4.5%,$-0.03,$3.89
CZR,6947,64%,1.5-2.0%,$0.15,$18.14
DBRG,104,80%,3.5-4.0%,$0.18,$15.41
C,3431,38%,3.5-4.0%,$-0.53,$110.86
CVNA,8458,87%,4.0-4.5%,$-0.19,$342.87
DBX,2074,53%,1.0-1.5%,$0.12,$24.53
DDD,1342,92%,1.5-2.0%,$0.03,$2.08
DAL,5781,51%,4.0-4.5%,$-0.09,$69.00
DECK,1503,60%,2.0-2.5%,$-0.38,$115.73
DASH,8012,67%,4.0-4.5%,$0.57,$160.34
DELL,4291,53%,3.5-4.0%,$-0.51,$117.49
DDOG,9960,62%,1.0-1.5%,$0.49,$125.20
DHR,1786,34%,4.5-5.0%,$-0.05,$212.58
DNN,38,104%,2.0-2.5%,$0.06,$3.78
DE,10415,42%,4.5-5.0%,$-2.69,$602.92
DHI,6846,44%,4.0-4.5%,$-0.53,$167.78
DNUT,93,83%,0.0-0.5%,$0.23,$2.95
DJT,1639,118%,1.5-2.0%,$0.60,$10.98
DG,6252,42%,4.5-5.0%,$-3.12,$153.84
DOCN,554,75%,4.0-4.5%,$0.47,$68.16
DLR,2423,39%,4.5-5.0%,$-1.17,$180.97
DKNG,5416,66%,4.0-4.5%,$0.14,$21.76
DIS,7340,39%,3.5-4.0%,$-0.38,$105.45
DOW,1109,47%,3.5-4.0%,$-1.00,$32.49
DIA,22646,25%,4.5-5.0%,$-2.89,$495.28
DLTR,7967,47%,2.0-2.5%,$0.13,$126.06
DUOL,1249,70%,3.5-4.0%,$-3.08,$112.57
EH,455,84%,3.5-4.0%,$0.01,$11.58
DOCU,6752,64%,2.0-2.5%,$-0.18,$44.82
EMB,292,22%,4.5-5.0%,$-0.80,$97.42
DVN,2863,41%,4.0-4.5%,$-0.64,$44.66
DXCM,2384,52%,1.0-1.5%,$0.00,$70.02
EA,5906,39%,4.5-5.0%,$-0.18,$200.62
EL,2770,50%,4.5-5.0%,$-1.25,$108.24
EPD,452,25%,4.5-5.0%,$-0.50,$37.21
ELF,4208,69%,0.5-1.0%,$-0.31,$81.50
EBAY,5383,44%,4.5-5.0%,$-0.93,$82.38
EOSE,474,121%,2.5-3.0%,$0.21,$11.10
ETHA,665,79%,4.5-5.0%,$0.13,$15.44
ENVX,1269,97%,2.5-3.0%,$0.24,$5.92
EMR,3149,33%,4.5-5.0%,$-1.54,$148.13
ETH,306,73%,4.5-5.0%,$0.24,$19.35
EOG,2656,34%,4.0-4.5%,$-1.61,$120.73
EQT,3243,51%,4.5-5.0%,$-0.20,$58.70
ENPH,8680,70%,4.5-5.0%,$0.23,$43.49
FFAI,60,145%,4.5-5.0%,$0.15,$0.61
FRMI,50,163%,2.5-3.0%,$0.46,$10.29
ET,304,32%,3.0-3.5%,$-0.27,$18.75
FCEL,242,132%,4.5-5.0%,$0.11,$7.22
FBTC,895,51%,4.0-4.5%,$0.12,$59.89
FLY,270,115%,2.0-2.5%,$0.21,$19.30
FIG,570,83%,3.5-4.0%,$0.04,$22.53
ETN,2973,40%,3.5-4.0%,$-1.63,$389.25
FHN,219,41%,3.5-4.0%,$-0.08,$24.56
ETSY,7637,65%,2.5-3.0%,$0.41,$45.73
FEZ,1071,29%,4.0-4.5%,$-0.72,$67.54
EXPE,7964,55%,2.0-2.5%,$-0.13,$212.67
FIS,1207,39%,4.5-5.0%,$-0.30,$46.80
FCX,5761,51%,4.0-4.5%,$-0.45,$62.84
F,414,41%,2.5-3.0%,$-0.01,$14.12
FDX,7109,41%,4.5-5.0%,$-3.84,$374.72
FUBO,1262,104%,1.5-2.0%,$0.39,$1.34
FSLY,2927,80%,2.5-3.0%,$-0.27,$18.26
GEMI,173,110%,3.0-3.5%,$0.35,$7.56
GAP,833,65%,2.0-2.5%,$-0.01,$27.67
FTAI,1341,77%,2.5-3.0%,$0.96,$279.85
FTNT,2977,47%,2.0-2.5%,$0.29,$85.56
FSLR,9304,60%,1.0-1.5%,$0.57,$225.65
GEHC,1997,36%,2.5-3.0%,$0.06,$80.34
FUTU,7155,74%,4.5-5.0%,$-0.48,$146.72
GDDY,2503,43%,3.5-4.0%,$0.25,$89.12
GEV,3727,55%,2.0-2.5%,$4.80,$802.13
GE,2532,42%,0.5-1.0%,$0.70,$315.41
GD,3216,29%,4.5-5.0%,$-2.28,$347.64
GLXY,636,97%,0.0-0.5%,$0.33,$21.66
GLW,1560,43%,3.0-3.5%,$-0.05,$133.46
GILD,2940,42%,4.5-5.0%,$-0.74,$154.98
GRRR,405,128%,3.0-3.5%,$0.27,$12.54
GRAB,155,78%,0.5-1.0%,$0.02,$4.13
GPRO,611,77%,1.0-1.5%,$0.12,$0.86
GOOS,1608,67%,4.5-5.0%,$-0.01,$12.23
GTM,40,60%,3.5-4.0%,$0.08,$6.36
GME,3139,83%,0.5-1.0%,$0.22,$23.57
GM,5825,45%,4.5-5.0%,$-0.22,$81.08
GSK,846,34%,4.5-5.0%,$-0.30,$58.93
GNRC,4568,55%,3.5-4.0%,$0.02,$224.45
GLD,18151,25%,0.0-0.5%,$0.50,$462.62
GOOG,6500,41%,4.0-4.5%,$0.14,$306.02
GOOGL,6942,41%,4.5-5.0%,$0.19,$305.72
GTLB,2522,71%,3.5-4.0%,$0.08,$29.55
HIVE,176,124%,3.5-4.0%,$0.09,$2.21
HIMS,1930,95%,2.5-3.0%,$0.04,$16.30
HAL,4453,50%,4.5-5.0%,$-0.63,$33.96
HL,913,70%,0.5-1.0%,$0.10,$22.60
GS,10192,38%,4.5-5.0%,$-2.73,$905.14
HLT,861,37%,1.0-1.5%,$0.63,$314.62
HD,7356,37%,4.5-5.0%,$-3.70,$391.05
HLF,1644,67%,4.0-4.5%,$-0.06,$15.90
HON,1013,29%,4.5-5.0%,$-4.06,$241.38
HPE,677,48%,3.5-4.0%,$-0.12,$22.69
HOG,2161,51%,4.5-5.0%,$-0.59,$20.42
HPQ,1472,41%,4.0-4.5%,$-0.48,$19.26
HRL,456,29%,4.0-4.5%,$-0.51,$23.78
HSBC,519,32%,4.0-4.5%,$-0.12,$85.15
HTZ,290,96%,4.5-5.0%,$0.17,$5.04
HOOD,3990,74%,4.0-4.5%,$0.34,$75.97
IBKR,523,45%,3.0-3.5%,$0.36,$74.75
HSY,2546,31%,4.5-5.0%,$-3.81,$222.58
INO,134,129%,1.5-2.0%,$0.43,$1.61
HUT,1577,110%,2.5-3.0%,$0.64,$53.87
IAU,798,24%,2.5-3.0%,$0.14,$94.75
HWM,1081,48%,1.0-1.5%,$1.12,$250.21
INOD,553,105%,3.5-4.0%,$0.92,$44.39
HUM,6894,42%,4.5-5.0%,$-2.42,$184.10
IBM,3397,34%,4.0-4.5%,$-1.45,$262.38
IEF,1101,9%,4.0-4.5%,$0.01,$97.21
IOVA,298,110%,2.5-3.0%,$0.03,$2.57
IQ,922,86%,3.0-3.5%,$0.12,$1.80
IOT,1799,71%,2.5-3.0%,$0.14,$27.32
IP,920,40%,4.5-5.0%,$-0.45,$49.10
IONQ,2331,102%,1.5-2.0%,$0.67,$34.11
IREN,1227,117%,1.0-1.5%,$1.26,$42.22
JBLU,866,68%,3.0-3.5%,$0.06,$5.91
INTC,5662,49%,4.5-5.0%,$-0.77,$46.79
IRM,901,40%,2.5-3.0%,$-0.44,$109.83
INTU,11163,44%,4.5-5.0%,$-1.80,$399.40
JOBY,541,86%,2.0-2.5%,$0.22,$9.90
JD,4431,57%,4.5-5.0%,$-0.86,$27.14
JMIA,1521,105%,2.5-3.0%,$0.05,$9.32
KOPN,18,144%,2.5-3.0%,$0.15,$2.20
JNJ,3413,30%,4.5-5.0%,$-1.66,$243.45
KHC,1012,33%,4.5-5.0%,$-0.56,$24.80
KGC,946,53%,4.5-5.0%,$0.01,$34.40
KMI,787,32%,4.5-5.0%,$-0.21,$32.32
ISRG,6543,43%,4.5-5.0%,$0.34,$485.84
KMB,1482,24%,4.0-4.5%,$-1.63,$109.41
KKR,4335,47%,4.5-5.0%,$-0.16,$101.73
KOLD,2058,104%,1.0-1.5%,$-0.72,$20.63
KSS,688,74%,4.0-4.5%,$0.19,$19.85
JPM,6240,36%,4.5-5.0%,$-1.26,$302.55
LAES,110,144%,1.5-2.0%,$0.20,$3.85
LASE,55,187%,3.0-3.5%,$0.25,$0.76
KO,2151,26%,4.5-5.0%,$-0.60,$78.68
LAC,134,91%,2.5-3.0%,$0.08,$4.63
LDI,36,125%,0.5-1.0%,$0.15,$2.03
LCID,249,90%,1.0-1.5%,$0.23,$10.28
KR,3507,38%,4.0-4.5%,$-0.59,$71.25
KVUE,728,43%,4.0-4.5%,$-0.30,$18.70
KTOS,755,72%,1.5-2.0%,$0.57,$89.06
KWEB,1278,42%,4.0-4.5%,$-0.99,$32.79
KRE,2433,47%,4.5-5.0%,$-0.60,$71.28
LEVI,159,47%,2.5-3.0%,$0.08,$21.91
LQDA,261,148%,1.5-2.0%,$1.49,$38.20
LHX,520,34%,4.0-4.5%,$-0.45,$345.50
LI,4334,71%,4.0-4.5%,$0.03,$18.46
LEN,4853,46%,4.5-5.0%,$-1.71,$122.28
LITE,2984,66%,1.0-1.5%,$1.40,$562.74
LUNR,680,109%,1.5-2.0%,$0.23,$16.13
LRCX,2165,54%,0.0-0.5%,$1.16,$235.53
LMND,4413,87%,3.0-3.5%,$-0.06,$63.76
LUMN,779,75%,2.5-3.0%,$-0.11,$8.39
LW,283,39%,4.0-4.5%,$-0.50,$49.82
LNG,3079,36%,4.0-4.5%,$-0.12,$220.79
LMT,5538,29%,4.5-5.0%,$-6.00,$652.58
LOW,6185,40%,4.5-5.0%,$-2.87,$287.39
LUV,5018,47%,4.5-5.0%,$-0.70,$51.11
LLY,12155,41%,4.5-5.0%,$-1.72,$1040.00
LVS,5381,51%,4.5-5.0%,$-0.52,$57.15
LULU,9709,48%,4.5-5.0%,$-0.11,$176.42
LYFT,3382,67%,3.5-4.0%,$-0.00,$13.27
MANU,884,105%,4.5-5.0%,$0.14,$17.44
MBLY,777,76%,4.5-5.0%,$0.06,$9.19
MARA,3325,115%,2.0-2.5%,$0.20,$7.92
MAR,6269,42%,4.5-5.0%,$-0.37,$353.89
MCHP,2276,55%,4.5-5.0%,$-0.97,$78.56
MLCO,462,68%,0.0-0.5%,$0.12,$5.53
MNKD,151,108%,0.5-1.0%,$0.07,$5.66
MDLZ,1308,26%,4.5-5.0%,$-0.83,$62.59
MCD,5985,31%,4.5-5.0%,$-2.93,$327.58
MDT,2632,36%,4.5-5.0%,$-1.02,$99.49
MA,11765,37%,4.5-5.0%,$-0.39,$518.36
MCK,5518,34%,4.5-5.0%,$-0.11,$934.75
MPW,212,67%,4.5-5.0%,$0.03,$5.02
MMM,2521,40%,4.0-4.5%,$0.03,$171.82
MGM,5259,50%,2.0-2.5%,$0.08,$34.14
MO,847,31%,4.5-5.0%,$-0.46,$67.25
MP,963,81%,2.5-3.0%,$0.84,$58.03
MDB,10318,66%,4.0-4.5%,$0.30,$368.40
MSTY,63,75%,3.5-4.0%,$0.05,$23.92
MRK,3956,34%,4.5-5.0%,$-1.78,$121.41
META,11047,46%,4.5-5.0%,$0.07,$639.77
MELI,20115,52%,3.5-4.0%,$-3.37,$1988.26
NAK,35,169%,0.5-1.0%,$0.15,$2.16
MSOS,1128,83%,4.0-4.5%,$0.13,$3.96
NB,65,133%,4.5-5.0%,$0.16,$5.80
MSTX,823,137%,1.0-1.5%,$0.84,$2.45
MVIS,628,118%,2.0-2.5%,$0.25,$0.75
MRVL,7040,59%,4.5-5.0%,$-0.12,$78.61
MT,2304,51%,4.0-4.5%,$-0.39,$61.51
M,1072,60%,4.0-4.5%,$-0.24,$21.63
MRNA,9357,69%,1.5-2.0%,$-0.24,$42.23
MS,4260,37%,4.5-5.0%,$-0.83,$171.15
MSTR,3838,89%,3.5-4.0%,$2.10,$133.88
NBIS,1758,97%,2.5-3.0%,$0.45,$98.01
NCLH,3245,63%,1.0-1.5%,$0.07,$21.49
NLY,144,27%,3.0-3.5%,$-0.04,$23.07
MSFT,11379,37%,4.0-4.5%,$-0.38,$400.41
MU,9170,54%,3.5-4.0%,$0.11,$411.66
NMAX,198,103%,3.5-4.0%,$0.45,$5.40
NFE,384,113%,2.5-3.0%,$-0.16,$1.22
NOW,228,51%,2.5-3.0%,$-1.53,$107.08
NEE,2273,40%,3.5-4.0%,$-0.65,$93.80
NN,220,116%,3.5-4.0%,$0.30,$16.09
NOK,200,39%,4.0-4.5%,$-0.05,$7.03
NEM,3726,46%,4.5-5.0%,$-0.44,$125.80
NIO,2640,81%,3.0-3.5%,$0.06,$4.95
NNE,1413,112%,4.5-5.0%,$0.36,$24.79
NET,8435,71%,0.0-0.5%,$0.53,$195.85
NRG,906,48%,2.5-3.0%,$1.04,$172.35
NKE,7396,42%,4.5-5.0%,$-1.98,$63.13
NU,917,55%,0.0-0.5%,$0.07,$16.82
NTR,1295,36%,4.5-5.0%,$-0.96,$70.81
NVTS,228,109%,0.5-1.0%,$0.27,$8.30
OPAD,8,152%,0.5-1.0%,$0.20,$0.81
ONDS,185,123%,0.5-1.0%,$0.35,$9.31
NTAP,3313,45%,4.5-5.0%,$-0.86,$102.42
NSC,3300,35%,4.5-5.0%,$-3.79,$314.94
NVO,3359,47%,4.5-5.0%,$-0.80,$49.57
NVAX,3967,113%,3.5-4.0%,$-0.05,$8.70
OKLO,1967,112%,3.5-4.0%,$0.37,$65.69
NVDA,3822,57%,2.0-2.5%,$0.57,$182.81
ONON,2699,60%,4.5-5.0%,$0.23,$45.29
OWL,103,53%,3.5-4.0%,$0.01,$12.06
OUST,593,106%,1.0-1.5%,$0.17,$18.77
PAA,92,35%,4.0-4.5%,$0.05,$20.15
NXPI,5973,49%,4.5-5.0%,$-2.70,$244.43
OPEN,826,108%,1.0-1.5%,$0.24,$4.45
OKTA,7621,60%,2.5-3.0%,$0.07,$87.26
OSCR,486,86%,3.5-4.0%,$0.39,$13.42
ON,5768,57%,3.0-3.5%,$0.23,$72.21
PBR,260,37%,4.5-5.0%,$-0.08,$15.19
PAAS,1125,54%,4.5-5.0%,$-0.10,$57.93
PANW,1372,48%,2.5-3.0%,$0.80,$166.95
OXY,5068,48%,4.5-5.0%,$-0.40,$46.07
PATH,1195,65%,2.0-2.5%,$0.11,$11.32
PCG,1420,43%,3.0-3.5%,$0.04,$18.16
PCT,502,114%,3.0-3.5%,$0.14,$8.69
ORCL,7788,42%,4.5-5.0%,$-0.55,$160.14
PL,260,93%,4.0-4.5%,$0.33,$22.42
PFE,675,35%,4.0-4.5%,$-0.42,$27.58
PEP,2857,30%,4.5-5.0%,$-2.28,$165.94
PLUG,2219,91%,4.5-5.0%,$0.03,$1.89
PONY,353,106%,3.5-4.0%,$0.31,$14.07
PGR,1181,35%,4.0-4.5%,$-4.66,$204.53
PDD,8564,62%,4.0-4.5%,$-0.44,$100.28
PNFP,64,66%,2.0-2.5%,$0.25,$96.13
PSKY,165,63%,2.0-2.5%,$0.23,$10.32
POET,139,107%,0.5-1.0%,$0.24,$5.58
PSQH,34,134%,2.5-3.0%,$0.20,$0.75
PM,1537,30%,4.0-4.5%,$-0.72,$187.51
PG,4054,29%,4.5-5.0%,$-2.03,$160.07
PHM,3829,42%,4.5-5.0%,$-0.18,$142.56
PINS,5212,63%,0.5-1.0%,$0.06,$15.42
PLTR,5035,70%,4.0-4.5%,$0.42,$131.41
PNC,2111,35%,4.0-4.5%,$-1.88,$229.32
RANI,10,375%,0.5-1.0%,$0.05,$1.24
QSI,42,143%,2.5-3.0%,$0.09,$0.99
PPG,3934,38%,4.5-5.0%,$-2.72,$130.59
QXO,275,59%,4.0-4.5%,$0.19,$27.07
PSX,2862,36%,4.0-4.5%,$-1.68,$159.77
QBTS,740,117%,2.0-2.5%,$1.15,$19.67
PTON,3169,80%,4.5-5.0%,$-0.32,$4.25
QUBT,553,128%,2.0-2.5%,$0.26,$8.47
RBRK,403,63%,4.0-4.5%,$0.26,$54.55
RCAT,386,124%,2.5-3.0%,$0.35,$11.37
QS,2122,96%,3.5-4.0%,$0.04,$7.73
RDW,203,125%,0.0-0.5%,$0.46,$8.02
PYPL,7069,50%,4.5-5.0%,$-0.11,$40.29
QCOM,7898,47%,4.5-5.0%,$-2.62,$140.70
REPL,80,158%,1.0-1.5%,$0.63,$7.97
RDDT,3358,80%,0.5-1.0%,$1.05,$139.65
RBLX,7416,70%,3.0-3.5%,$0.19,$63.17
RGTI,792,124%,2.5-3.0%,$0.54,$16.09
RCL,8419,56%,3.0-3.5%,$-0.35,$319.61
RR,64,135%,4.0-4.5%,$0.40,$2.98
RIG,707,73%,3.0-3.5%,$0.06,$6.54
RILY,896,149%,3.0-3.5%,$0.22,$6.82
RIOT,2638,112%,4.0-4.5%,$0.21,$15.22
RIVN,3193,86%,4.0-4.5%,$-0.21,$17.73
RKLB,1661,92%,0.0-0.5%,$0.74,$67.44
RKT,1316,69%,4.0-4.5%,$-0.07,$18.68
RZLV,51,151%,2.0-2.5%,$0.80,$2.27
REGN,7472,39%,3.5-4.0%,$-1.40,$803.17
RH,9146,62%,3.5-4.0%,$-0.02,$205.06
RNG,3873,68%,4.5-5.0%,$-1.22,$30.19
QQQ,58796,33%,4.5-5.0%,$-0.05,$601.92
RUM,590,103%,1.0-1.5%,$0.25,$5.96
RXRX,228,97%,1.5-2.0%,$0.35,$3.49
ROST,4894,43%,4.5-5.0%,$-0.44,$196.54
RSP,1141,25%,4.0-4.5%,$-1.89,$202.87
SBET,300,111%,1.5-2.0%,$0.10,$6.85
ROKU,8305,71%,2.0-2.5%,$-0.22,$90.06
SAP,557,39%,4.0-4.5%,$-0.61,$204.53
RUN,1995,90%,4.0-4.5%,$0.14,$19.09
SATS,623,76%,0.5-1.0%,$0.90,$113.15
RTX,4733,35%,4.0-4.5%,$-1.08,$200.06
SCHD,103,16%,3.5-4.0%,$0.20,$31.61
SCCO,267,55%,4.0-4.5%,$1.18,$198.00
SERV,546,119%,3.0-3.5%,$0.10,$9.56
SAVA,3262,125%,1.0-1.5%,$-0.31,$2.09
SG,309,84%,2.5-3.0%,$0.19,$5.14
SBUX,5070,39%,4.5-5.0%,$-1.53,$93.79
SLS,35,143%,1.0-1.5%,$0.70,$3.59
SFIX,1723,88%,4.5-5.0%,$-0.29,$3.65
SKYT,414,108%,4.5-5.0%,$0.26,$29.23
SIRI,683,49%,1.5-2.0%,$-0.30,$21.29
SCHW,6423,43%,4.5-5.0%,$-0.50,$93.72
SEDG,3964,83%,4.0-4.5%,$-0.61,$35.53
SHEL,1052,27%,4.5-5.0%,$-0.70,$78.77
SE,7976,66%,4.0-4.5%,$-0.19,$106.74
SMCI,1945,94%,2.0-2.5%,$0.20,$30.54
SHAK,4793,57%,3.5-4.0%,$-0.05,$88.15
SIG,5478,68%,4.5-5.0%,$-0.64,$90.09
SHOP,5757,61%,0.0-0.5%,$0.13,$112.70
SLB,4646,49%,4.5-5.0%,$-0.82,$50.39
SMMT,509,125%,2.0-2.5%,$0.20,$14.96
SLV,3936,43%,4.5-5.0%,$-0.05,$69.72
SOC,196,144%,0.0-0.5%,$0.68,$8.89
SNDK,1039,109%,0.5-1.0%,$14.90,$626.56
SMR,1361,111%,0.0-0.5%,$0.17,$14.31
SONY,313,41%,1.5-2.0%,$0.13,$23.19
SOUN,734,109%,3.0-3.5%,$0.20,$7.46
SPCE,285,112%,2.0-2.5%,$0.20,$2.56
SNAP,3654,72%,2.0-2.5%,$0.09,$4.83
SPXU,80,42%,3.5-4.0%,$0.38,$50.14
SQQQ,264,56%,0.0-0.5%,$0.79,$72.73
STUB,70,106%,2.0-2.5%,$0.30,$9.23
SOFI,2116,74%,2.5-3.0%,$0.19,$19.61
SSO,161,34%,1.0-1.5%,$0.31,$57.37
SNPS,1928,47%,3.5-4.0%,$-2.88,$437.09
SOXX,1196,48%,4.0-4.5%,$-0.03,$354.66
SO,1128,25%,4.5-5.0%,$-0.47,$94.95
SNOW,10153,63%,1.0-1.5%,$0.83,$182.29
STLA,144,50%,3.5-4.0%,$-0.10,$7.75
TE,39,124%,2.0-2.5%,$0.27,$6.12
SPGI,4618,33%,4.0-4.5%,$-1.82,$409.54
STX,3678,53%,4.0-4.5%,$0.05,$425.99
SRPT,5266,73%,3.0-3.5%,$-0.05,$17.79
SPOT,10858,55%,0.5-1.0%,$0.73,$458.34
S,1161,64%,0.5-1.0%,$0.23,$13.87
SU,1931,41%,3.5-4.0%,$-0.39,$55.99
TEM,1863,96%,1.0-1.5%,$0.27,$51.95
SYM,1814,91%,3.0-3.5%,$0.59,$54.95
TIGR,395,80%,0.0-0.5%,$0.37,$8.03
STZ,4627,34%,4.5-5.0%,$-3.50,$149.30
TER,601,58%,0.5-1.0%,$2.25,$314.66
TLRY,59,115%,2.5-3.0%,$0.37,$7.51
TEVA,1555,54%,0.0-0.5%,$0.09,$33.98
TDOC,4524,70%,4.0-4.5%,$0.08,$4.65
TECK,3584,55%,3.5-4.0%,$-0.35,$58.91
TSLQ,36,90%,2.5-3.0%,$0.85,$20.21
TMQ,39,122%,0.5-1.0%,$0.25,$4.22
TEAM,7658,63%,4.5-5.0%,$-0.00,$84.38
TGT,4260,41%,4.5-5.0%,$-2.34,$115.76
TMC,218,136%,2.5-3.0%,$0.12,$6.09
TJX,5287,36%,4.5-5.0%,$-0.48,$154.46
TQQQ,475,68%,1.0-1.5%,$0.58,$48.47
TLN,1005,59%,0.0-0.5%,$3.02,$376.70
TSSI,163,122%,4.5-5.0%,$0.09,$8.14
TSCO,491,37%,4.0-4.5%,$0.11,$55.03
TPR,1746,47%,4.5-5.0%,$-0.07,$153.80
TOST,2238,65%,0.5-1.0%,$0.21,$27.33
TMO,5861,36%,4.0-4.5%,$-0.20,$504.82
TRIP,2042,65%,3.5-4.0%,$0.05,$9.61
UAMY,113,142%,0.5-1.0%,$0.55,$7.62
TMUS,7209,38%,4.5-5.0%,$-0.34,$219.50
ULTY,18,39%,3.5-4.0%,$0.05,$34.45
TSM,9039,46%,4.0-4.5%,$-1.35,$366.36
T,840,33%,4.5-5.0%,$-0.10,$28.69
TXRH,813,46%,0.0-0.5%,$0.05,$180.90
UMAC,224,120%,3.0-3.5%,$0.29,$11.92
TTD,6870,65%,3.0-3.5%,$-0.05,$25.81
TSLA,7861,62%,2.5-3.0%,$1.60,$417.44
TXN,3369,40%,4.5-5.0%,$-2.87,$226.16
TTWO,7334,47%,0.5-1.0%,$0.49,$193.67
UEC,441,81%,2.5-3.0%,$0.07,$15.52
TWLO,7732,65%,0.0-0.5%,$-0.17,$113.00
UAL,6841,56%,3.0-3.5%,$0.17,$109.29
UBER,6382,52%,3.0-3.5%,$0.18,$69.99
UPXI,64,169%,2.5-3.0%,$0.47,$0.77
UNG,893,66%,3.0-3.5%,$0.01,$12.44
USAR,456,134%,4.5-5.0%,$0.44,$19.40
VERU,1,87%,0.5-1.0%,$-0.23,$2.29
UNP,3506,33%,4.0-4.5%,$-3.46,$260.68
ULTA,9022,44%,4.5-5.0%,$1.05,$683.40
UPS,2227,38%,4.5-5.0%,$-2.54,$119.24
UUUU,453,106%,0.5-1.0%,$0.57,$20.72
UWMC,59,67%,0.5-1.0%,$0.17,$4.89
UPRO,6306,59%,2.0-2.5%,$-0.18,$113.51
VISN,10,67%,0.5-1.0%,$0.30,$19.20
URA,1176,49%,4.0-4.5%,$-0.73,$51.91
UNH,10852,37%,4.5-5.0%,$-6.21,$293.19
VALE,278,38%,4.5-5.0%,$-0.04,$16.65
URBN,2620,61%,1.5-2.0%,$0.17,$70.18
UPST,6108,100%,0.0-0.5%,$0.07,$30.68
USB,2150,37%,4.5-5.0%,$-0.40,$57.69
VG,149,88%,3.5-4.0%,$0.20,$9.36
URI,9756,47%,3.5-4.0%,$-2.78,$869.57
VFC,1423,64%,2.0-2.5%,$-0.27,$20.30
USO,8098,44%,2.5-3.0%,$0.18,$76.22
U,4711,79%,4.0-4.5%,$-0.23,$18.68
VOD,93,32%,4.0-4.5%,$0.04,$15.57
WEN,56,50%,4.0-4.5%,$0.13,$7.48
VKTX,1852,100%,4.0-4.5%,$0.04,$29.00
VZ,810,28%,4.5-5.0%,$-0.44,$49.01
VXX,1283,66%,0.0-0.5%,$-0.13,$29.25
WDC,1180,70%,0.5-1.0%,$2.22,$281.58
VLO,5348,44%,4.5-5.0%,$-1.63,$200.17
WBD,1426,61%,2.0-2.5%,$0.08,$27.99
VST,3216,66%,1.0-1.5%,$0.70,$171.49
VRT,3539,65%,3.0-3.5%,$0.46,$234.53
VRTX,4493,40%,1.0-1.5%,$-0.24,$491.47
WWR,11,176%,2.0-2.5%,$0.50,$0.88
WFC,4279,39%,4.5-5.0%,$-0.58,$86.98
WOOF,626,66%,0.5-1.0%,$0.08,$2.51
WRBY,226,78%,3.0-3.5%,$0.14,$22.46
V,7885,36%,4.5-5.0%,$-0.19,$314.08
WGS,1563,98%,4.5-5.0%,$0.44,$90.15
WMB,701,31%,4.5-5.0%,$-0.21,$72.28
WDAY,7394,50%,2.5-3.0%,$0.62,$144.42
XLB,22,55%,0.0-0.5%,$0.16,$53.31
WMT,2316,34%,4.0-4.5%,$0.11,$133.89
WPM,2784,41%,4.5-5.0%,$-0.22,$145.90
WULF,473,112%,2.0-2.5%,$0.29,$16.26
XLE,253,33%,0.0-0.5%,$0.13,$54.35
XLU,96,25%,2.5-3.0%,$0.05,$46.50
XLK,172,29%,1.5-2.0%,$0.55,$139.56
XLY,43,54%,2.5-3.0%,$0.32,$116.18
XLC,1300,39%,4.0-4.5%,$-0.40,$114.58
WYNN,7676,52%,4.5-5.0%,$-0.38,$113.39
XHB,2625,52%,4.5-5.0%,$-0.27,$121.36
W,7892,82%,2.0-2.5%,$0.34,$82.39
XP,736,63%,3.5-4.0%,$-0.32,$19.87
XLF,3286,30%,4.5-5.0%,$-0.34,$51.65
XBI,9256,41%,4.5-5.0%,$0.12,$122.86
XLP,1746,28%,4.5-5.0%,$-0.48,$89.51
XPEV,3459,81%,4.0-4.5%,$-0.04,$17.94
ZIM,394,70%,1.0-1.5%,$0.41,$22.20
XLI,3037,35%,4.5-5.0%,$-1.51,$174.17
XOM,3719,32%,4.0-4.5%,$-1.61,$148.45
XYZ,1340,61%,4.0-4.5%,$0.05,$49.80
XLV,4514,25%,4.5-5.0%,$-1.61,$157.67
ZETA,606,85%,0.5-1.0%,$0.13,$15.46
XOP,8537,41%,4.5-5.0%,$-1.89,$147.89
XRT,2861,53%,4.0-4.5%,$-1.24,$87.84
ZM,7117,58%,0.5-1.0%,$0.41,$92.60
ZS,8718,61%,1.0-1.5%,$0.49,$177.72
