ticker,n_quotes,avg_iv,best_bucket,best_bucket_count,best_bucket_avg_iv,best_bucket_avg_pnl,best_bucket_avg_pnl_pct,best_bucket_avg_spread,best_bucket_avg_spread_pct,latest_price
ABTC,22,154.58%,0.0-0.5%,1,163.75%,$0.40,35.40%,$-0.15,-13.27%,$1.13
ABVX,180,96.41%,1.0-1.5%,11,101.30%,$2.52,2.01%,$7.50,6.00%,$124.99
ABAT,45,141.32%,0.5-1.0%,3,125.05%,$0.22,5.70%,$0.00,0.00%,$3.80
ABR,206,58.22%,3.5-4.0%,13,46.25%,$-0.14,-1.82%,$0.13,1.68%,$7.72
ACI,171,43.01%,4.5-5.0%,4,57.67%,$0.14,0.74%,$0.20,1.08%,$18.57
ACHR,505,91.02%,4.0-4.5%,18,82.79%,$0.14,2.05%,$0.30,4.43%,$6.77
AAOI,1410,115.47%,0.0-0.5%,49,162.64%,$0.54,1.21%,$2.15,4.84%,$44.46
ABBV,2841,35.49%,4.5-5.0%,102,26.59%,$-2.13,-0.92%,$2.04,0.88%,$231.50
AAL,2691,57.79%,3.0-3.5%,84,48.06%,$0.07,0.51%,$0.54,3.89%,$13.88
AES,189,55.75%,4.5-5.0%,12,54.12%,$0.10,0.61%,$0.05,0.31%,$16.28
ADI,4845,41.06%,4.0-4.5%,203,36.13%,$-1.59,-0.47%,$5.35,1.59%,$337.10
AA,6075,62.85%,0.5-1.0%,164,56.02%,$-0.25,-0.42%,$2.94,4.90%,$59.95
ADP,3461,31.84%,4.0-4.5%,207,27.37%,$-2.94,-1.39%,$6.80,3.21%,$212.11
ABT,6788,35.73%,4.5-5.0%,266,29.13%,$-1.65,-1.47%,$1.97,1.75%,$112.68
AAP,3832,61.34%,4.5-5.0%,151,50.45%,$-1.66,-2.83%,$3.25,5.52%,$58.85
AAPL,9759,41.32%,4.0-4.5%,258,30.50%,$-0.10,-0.04%,$5.40,2.11%,$255.78
ACN,6133,36.05%,4.5-5.0%,293,29.87%,$-3.12,-1.39%,$7.45,3.32%,$224.23
ABNB,9891,54.21%,1.0-1.5%,273,42.34%,$0.17,0.14%,$10.25,8.45%,$121.35
AEM,873,42.94%,1.0-1.5%,39,37.71%,$0.49,0.22%,$4.40,2.03%,$216.59
AEO,1534,59.99%,3.5-4.0%,56,48.65%,$-0.16,-0.62%,$0.50,1.96%,$25.48
ADBE,12294,44.03%,3.0-3.5%,394,34.69%,$-0.74,-0.28%,$18.46,6.99%,$263.97
AGNC,93,29.47%,2.5-3.0%,4,24.71%,$0.02,0.15%,$0.01,0.09%,$11.36
ADSK,6157,47.52%,2.0-2.5%,260,35.51%,$-0.04,-0.02%,$10.95,4.74%,$231.22
AFL,2162,29.85%,4.5-5.0%,101,31.64%,$-0.57,-0.49%,$0.65,0.57%,$114.91
AG,1539,67.84%,4.0-4.5%,45,62.31%,$-0.01,-0.03%,$1.22,5.31%,$22.96
AFRM,5322,90.49%,1.5-2.0%,145,86.89%,$0.13,0.26%,$5.49,11.02%,$49.81
ALAB,1712,89.76%,1.0-1.5%,64,86.47%,$0.61,0.47%,$14.60,11.29%,$129.32
AGQ,2296,87.82%,2.0-2.5%,85,75.34%,$-0.33,-0.25%,$22.85,17.16%,$133.16
AMC,374,93.29%,2.5-3.0%,11,106.02%,$0.20,15.96%,$0.59,47.97%,$1.23
ALT,516,126.09%,1.5-2.0%,26,102.23%,$0.27,6.05%,$1.05,23.18%,$4.53
ANVS,80,27031.81%,3.5-4.0%,3,193.80%,$0.38,15.89%,$0.40,16.88%,$2.37
AI,2990,77.51%,1.5-2.0%,80,72.21%,$0.17,1.60%,$2.37,21.99%,$10.78
AIG,2313,37.60%,4.0-4.5%,127,32.15%,$-0.63,-0.81%,$0.85,1.09%,$78.27
ALB,5000,59.41%,4.0-4.5%,142,52.36%,$-2.12,-1.27%,$3.48,2.09%,$166.35
ANET,1862,57.05%,2.0-2.5%,61,49.37%,$0.51,0.36%,$4.60,3.25%,$141.59
AMBA,5744,70.97%,4.5-5.0%,196,60.14%,$-0.04,-0.06%,$6.60,9.97%,$66.21
ALGN,7194,56.17%,4.5-5.0%,291,48.67%,$-0.54,-0.29%,$22.40,11.99%,$186.77
AMAT,9190,49.91%,3.5-4.0%,266,41.98%,$-0.57,-0.16%,$7.31,2.06%,$354.91
AMGN,4044,38.28%,4.5-5.0%,159,28.25%,$-3.09,-0.84%,$4.07,1.10%,$369.19
ANF,5072,64.94%,4.0-4.5%,166,59.30%,$0.39,0.41%,$8.45,9.02%,$93.70
APA,1581,48.21%,4.0-4.5%,57,42.21%,$-0.74,-2.64%,$0.53,1.90%,$27.92
AMZN,7035,45.75%,0.0-0.5%,177,35.62%,$0.80,0.40%,$11.32,5.69%,$198.79
AMD,9764,54.77%,0.0-0.5%,270,46.46%,$0.51,0.25%,$11.69,5.64%,$207.32
APT,288,106.52%,4.0-4.5%,9,80.97%,$0.12,2.23%,$0.19,3.66%,$5.19
APLD,987,115.28%,1.5-2.0%,25,117.62%,$0.47,1.32%,$3.15,8.93%,$35.28
ASPI,134,136.70%,4.5-5.0%,3,115.15%,$0.30,5.75%,$0.15,2.87%,$5.22
ATYR,9,272.52%,3.0-3.5%,1,155.00%,$0.05,5.62%,$-0.05,-5.62%,$0.89
AR,2910,59.52%,1.0-1.5%,112,49.91%,$0.02,0.07%,$1.36,3.91%,$34.76
ASAN,1309,76.87%,3.0-3.5%,69,64.96%,$0.15,1.98%,$2.45,32.41%,$7.56
APO,4196,45.92%,4.5-5.0%,216,39.90%,$-0.83,-0.66%,$2.30,1.84%,$125.07
APP,4820,76.07%,2.0-2.5%,132,67.90%,$-1.75,-0.45%,$38.15,9.77%,$390.55
AUR,145,95.52%,0.0-0.5%,9,98.49%,$0.11,2.55%,$0.40,8.93%,$4.48
ARM,5102,65.59%,3.5-4.0%,137,59.59%,$0.15,0.12%,$8.42,6.72%,$125.28
ASO,2893,58.42%,4.5-5.0%,122,49.82%,$-0.18,-0.30%,$1.40,2.39%,$58.56
ASTS,2156,109.21%,4.0-4.5%,56,103.68%,$0.58,0.70%,$4.50,5.45%,$82.51
B,517,50.35%,0.5-1.0%,22,41.12%,$0.44,0.91%,$1.16,2.42%,$47.91
AVAV,1168,62.46%,2.5-3.0%,47,55.03%,$-2.43,-1.00%,$12.45,5.11%,$243.87
AVGO,3439,54.91%,0.5-1.0%,96,46.57%,$0.92,0.28%,$11.80,3.63%,$325.17
BBAI,280,132.56%,0.5-1.0%,6,146.38%,$0.14,3.47%,$0.55,13.48%,$4.08
BB,883,84.19%,3.0-3.5%,22,90.54%,$0.23,6.58%,$2.91,84.10%,$3.46
ASML,15004,45.83%,3.5-4.0%,556,38.88%,$-4.46,-0.32%,$28.05,1.99%,$1406.61
BAX,1789,39.31%,4.5-5.0%,89,38.26%,$-1.27,-6.44%,$0.40,2.02%,$19.79
AXP,8031,41.04%,4.5-5.0%,271,32.56%,$-0.49,-0.15%,$3.28,0.97%,$337.50
BAC,4030,37.87%,3.5-4.0%,142,30.11%,$-0.40,-0.77%,$0.97,1.85%,$52.55
BA,8140,46.71%,2.5-3.0%,226,35.81%,$-0.02,-0.01%,$4.14,1.70%,$242.96
BABA,8614,54.37%,4.5-5.0%,237,47.01%,$-1.93,-1.24%,$3.30,2.12%,$155.73
BEKE,1391,66.30%,3.5-4.0%,50,50.08%,$-0.06,-0.32%,$0.43,2.45%,$17.55
BBY,2265,46.74%,4.5-5.0%,70,38.15%,$-1.37,-2.08%,$1.74,2.64%,$65.80
BBWI,2314,55.86%,4.5-5.0%,92,50.43%,$-0.62,-2.58%,$1.00,4.15%,$24.07
BHC,1458,70.77%,3.0-3.5%,65,54.32%,$0.05,0.81%,$0.67,11.19%,$5.99
BE,1961,101.31%,2.5-3.0%,42,93.70%,$1.16,0.83%,$8.55,6.12%,$139.74
BKKT,191,155.71%,0.0-0.5%,4,156.25%,$0.14,1.28%,$2.30,21.36%,$10.77
BITF,148,125.59%,4.5-5.0%,6,129.00%,$0.08,3.74%,$0.20,9.35%,$2.14
BKSY,237,107.34%,1.5-2.0%,5,107.57%,$0.58,2.68%,$0.30,1.40%,$21.48
BRR,2,62.11%,0.5-1.0%,1,96.87%,$0.05,1.98%,$-0.20,-7.94%,$2.52
BLSH,558,84.99%,4.0-4.5%,26,82.87%,$-0.36,-1.13%,$1.13,3.56%,$31.73
BIDU,9555,56.32%,4.5-5.0%,267,49.77%,$-0.25,-0.18%,$8.69,6.34%,$137.01
BMNR,738,111.10%,4.0-4.5%,20,103.96%,$0.37,1.76%,$2.13,10.16%,$20.96
BILI,3868,78.84%,4.0-4.5%,114,65.11%,$-0.12,-0.38%,$2.18,7.12%,$30.60
BILL,4955,78.42%,2.0-2.5%,156,68.15%,$0.04,0.08%,$11.85,25.22%,$46.99
BIIB,4626,48.74%,4.0-4.5%,215,41.79%,$0.50,0.25%,$23.70,12.06%,$196.52
BTG,27,61.12%,1.0-1.5%,6,54.60%,$0.06,1.17%,$0.00,0.00%,$5.40
BTDR,525,111.48%,3.5-4.0%,16,109.50%,$0.58,5.77%,$0.55,5.46%,$10.08
BMY,1792,41.35%,4.0-4.5%,70,32.11%,$-0.65,-1.07%,$0.48,0.79%,$60.74
BTBT,366,126.71%,0.0-0.5%,11,117.49%,$0.14,7.75%,$0.55,31.25%,$1.76
BOIL,1574,108.18%,1.5-2.0%,38,105.86%,$-0.10,-0.55%,$4.13,21.77%,$18.97
BP,1203,39.00%,4.5-5.0%,50,31.06%,$-0.57,-1.51%,$0.18,0.48%,$37.66
BULL,313,94.33%,4.5-5.0%,10,91.20%,$0.17,2.80%,$0.83,13.81%,$6.01
BROS,1833,73.93%,4.5-5.0%,55,64.53%,$0.25,0.46%,$3.45,6.48%,$53.20
BLK,8568,33.41%,4.5-5.0%,386,29.30%,$-7.95,-0.74%,$13.15,1.23%,$1071.51
BSX,2465,36.24%,2.0-2.5%,177,28.10%,$0.09,0.12%,$2.63,3.52%,$74.73
BUD,2970,38.82%,3.5-4.0%,158,30.64%,$-0.67,-0.83%,$0.96,1.19%,$80.39
CCCX,88,111.35%,1.0-1.5%,6,103.59%,$-0.13,-0.98%,$-0.12,-0.88%,$13.66
BTU,2170,62.02%,3.0-3.5%,87,51.45%,$-0.13,-0.37%,$1.06,3.08%,$34.45
CAG,263,32.07%,4.5-5.0%,8,36.57%,$-0.32,-1.62%,$0.05,0.25%,$19.76
BX,4216,44.42%,4.5-5.0%,138,36.47%,$-1.60,-1.23%,$4.01,3.09%,$129.86
BYND,3521,90.93%,2.5-3.0%,96,77.40%,$0.45,63.19%,$5.60,788.73%,$0.71
BURL,5076,56.41%,1.0-1.5%,198,45.14%,$0.83,0.27%,$16.00,5.29%,$302.37
CART,1519,58.78%,2.5-3.0%,77,49.20%,$0.26,0.71%,$2.20,6.06%,$36.30
CC,596,59.79%,4.0-4.5%,33,49.69%,$-0.36,-1.75%,$0.40,1.95%,$20.52
C,3431,38.37%,3.5-4.0%,113,30.84%,$-0.53,-0.47%,$1.81,1.63%,$110.86
CAH,2718,33.72%,4.5-5.0%,155,31.67%,$-0.35,-0.16%,$1.40,0.63%,$220.79
BKNG,32164,40.76%,4.5-5.0%,1258,34.48%,$-6.51,-0.16%,$99.50,2.40%,$4140.60
CDE,243,85.81%,3.0-3.5%,14,73.26%,$0.26,1.17%,$0.80,3.57%,$22.42
CAVA,3333,64.75%,3.0-3.5%,95,60.68%,$-0.03,-0.05%,$7.35,11.57%,$63.50
CBOE,4159,35.83%,4.5-5.0%,220,34.07%,$-0.53,-0.19%,$1.35,0.49%,$275.11
CHPT,117,106.15%,3.5-4.0%,4,98.61%,$0.26,4.45%,$0.14,2.37%,$5.90
CAR,6326,73.93%,4.5-5.0%,200,64.47%,$-1.79,-1.51%,$13.10,11.07%,$118.35
CCJ,5442,57.97%,1.5-2.0%,174,48.47%,$0.19,0.17%,$3.68,3.26%,$112.90
CDNS,1112,46.44%,4.0-4.5%,42,39.15%,$-0.22,-0.07%,$5.20,1.74%,$299.46
CAT,8758,40.87%,4.5-5.0%,275,32.48%,$-1.66,-0.21%,$6.98,0.90%,$774.20
CCL,3129,61.25%,0.5-1.0%,82,52.73%,$0.10,0.32%,$0.77,2.42%,$31.77
CGC,280,127.88%,1.5-2.0%,7,150.87%,$0.33,30.56%,$0.83,76.85%,$1.08
CELH,2696,66.63%,4.5-5.0%,78,58.03%,$0.11,0.25%,$2.16,4.83%,$44.68
CEG,2448,57.32%,0.5-1.0%,87,49.01%,$-0.07,-0.02%,$14.50,5.03%,$288.43
CIFR,558,123.44%,2.5-3.0%,11,117.32%,$0.40,2.44%,$1.27,7.73%,$16.42
CIEN,1993,56.31%,0.0-0.5%,71,43.90%,$0.90,0.30%,$11.44,3.76%,$303.92
CF,4042,47.73%,4.5-5.0%,170,40.39%,$-1.52,-1.60%,$2.85,3.01%,$94.66
CMCSA,334,36.28%,4.5-5.0%,15,29.30%,$-0.98,-3.09%,$0.07,0.22%,$31.57
CLF,2985,65.39%,1.5-2.0%,84,53.71%,$0.08,0.76%,$1.38,13.29%,$10.38
CNQ,407,40.98%,2.5-3.0%,32,32.74%,$0.01,0.01%,$0.50,1.23%,$40.68
CL,1659,27.31%,4.0-4.5%,113,28.30%,$-0.92,-0.95%,$0.50,0.52%,$96.67
CLOV,466,96.36%,0.5-1.0%,19,84.60%,$0.16,7.89%,$1.06,52.48%,$2.02
CHWY,6030,68.43%,3.0-3.5%,165,60.85%,$-0.17,-0.72%,$3.39,13.99%,$24.23
CLSK,1053,105.90%,1.5-2.0%,21,107.32%,$0.23,2.33%,$1.20,12.18%,$9.85
CLS,2467,75.62%,0.5-1.0%,69,70.00%,$1.77,0.63%,$21.00,7.48%,$280.66
CHTR,7625,48.18%,3.5-4.0%,312,39.39%,$-0.72,-0.30%,$25.00,10.46%,$239.09
CME,648,26.20%,4.5-5.0%,39,26.50%,$-2.47,-0.81%,$0.85,0.28%,$303.07
CMG,1668,44.14%,4.5-5.0%,74,37.48%,$-0.10,-0.28%,$1.20,3.31%,$36.30
CI,5383,35.31%,4.5-5.0%,263,30.69%,$-2.90,-0.99%,$3.80,1.30%,$291.44
COHR,2512,69.90%,1.5-2.0%,82,62.45%,$0.60,0.28%,$11.85,5.46%,$217.23
CNC,3841,43.76%,4.0-4.5%,198,37.51%,$0.06,0.15%,$0.95,2.34%,$40.58
CRML,140,156.75%,4.0-4.5%,4,149.46%,$0.51,5.52%,$0.30,3.25%,$9.24
CORZ,625,88.15%,0.5-1.0%,27,83.10%,$0.31,1.71%,$0.57,3.20%,$17.84
COF,7258,45.48%,4.5-5.0%,259,38.11%,$-1.66,-0.80%,$4.15,2.00%,$207.37
CRCL,1262,89.19%,3.5-4.0%,38,82.14%,$-1.03,-1.72%,$7.70,12.82%,$60.04
CRDO,1119,93.00%,4.0-4.5%,28,86.77%,$2.03,1.67%,$10.65,8.77%,$121.44
CPB,574,31.67%,4.0-4.5%,33,32.64%,$-0.38,-1.28%,$0.20,0.68%,$29.49
CRH,1121,50.89%,4.0-4.5%,52,47.52%,$0.24,0.19%,$3.50,2.78%,$125.97
COP,4042,37.29%,4.0-4.5%,154,30.04%,$-1.90,-1.72%,$1.38,1.25%,$110.57
CPNG,2317,61.67%,3.0-3.5%,84,45.16%,$0.03,0.16%,$1.16,6.83%,$16.98
COIN,8754,84.53%,2.5-3.0%,221,79.91%,$-0.24,-0.15%,$12.90,7.85%,$164.32
CRWV,1651,104.86%,0.5-1.0%,47,105.02%,$0.73,0.76%,$10.25,10.67%,$96.04
CROX,4467,55.82%,3.0-3.5%,161,47.86%,$-0.16,-0.16%,$5.10,5.26%,$96.88
COST,13565,34.04%,4.5-5.0%,493,26.73%,$-1.45,-0.14%,$12.17,1.19%,$1018.48
CRSP,5290,72.47%,4.0-4.5%,173,64.71%,$-0.16,-0.30%,$3.35,6.31%,$53.07
CTAS,525,35.07%,4.5-5.0%,24,35.34%,$0.49,0.25%,$1.60,0.83%,$193.44
CRM,8315,43.91%,4.0-4.5%,261,35.40%,$0.13,0.07%,$7.63,4.02%,$189.72
CWAN,23,58.51%,4.0-4.5%,1,50.00%,$0.25,1.08%,$-0.10,-0.43%,$23.15
CTRA,731,33.80%,4.5-5.0%,40,37.56%,$-0.27,-0.87%,$0.30,0.96%,$31.37
CSCO,2630,31.48%,4.5-5.0%,143,25.76%,$-0.54,-0.70%,$0.66,0.86%,$76.85
CSIQ,2909,72.57%,4.5-5.0%,103,62.95%,$-0.02,-0.09%,$1.50,7.74%,$19.39
CSX,1362,31.17%,4.5-5.0%,63,35.64%,$-0.30,-0.74%,$0.20,0.49%,$40.87
CRWD,10794,55.44%,1.5-2.0%,315,47.13%,$0.59,0.14%,$17.29,4.02%,$429.64
CVS,2396,44.77%,3.5-4.0%,92,32.61%,$-0.89,-1.13%,$1.36,1.73%,$78.48
DFDV,61,140.94%,4.0-4.5%,3,167.42%,$-0.03,-0.86%,$-0.35,-9.00%,$3.89
DBRG,104,79.97%,3.5-4.0%,6,66.85%,$0.18,1.19%,$0.35,2.27%,$15.41
CVX,3320,32.82%,4.5-5.0%,140,26.45%,$-1.64,-0.89%,$2.62,1.43%,$183.74
CZR,6947,63.56%,1.5-2.0%,196,52.75%,$0.15,0.83%,$3.83,21.11%,$18.14
CVNA,8458,86.80%,4.0-4.5%,234,79.93%,$-0.19,-0.05%,$25.55,7.45%,$342.87
DBX,2074,53.15%,1.0-1.5%,122,37.83%,$0.12,0.49%,$1.10,4.48%,$24.53
DAL,5781,50.60%,4.0-4.5%,179,40.61%,$-0.09,-0.13%,$1.17,1.70%,$69.00
DDD,1342,92.38%,1.5-2.0%,42,85.39%,$0.03,1.33%,$3.11,149.52%,$2.08
DASH,8012,67.06%,4.0-4.5%,231,58.67%,$0.57,0.35%,$8.77,5.47%,$160.34
DECK,1503,59.55%,2.0-2.5%,48,45.80%,$-0.38,-0.33%,$6.10,5.27%,$115.73
DHR,1786,33.66%,4.5-5.0%,87,30.11%,$-0.05,-0.02%,$2.35,1.11%,$212.58
DELL,4291,52.85%,3.5-4.0%,162,45.32%,$-0.51,-0.43%,$4.55,3.87%,$117.49
DHI,6846,44.12%,4.0-4.5%,285,37.32%,$-0.53,-0.32%,$1.82,1.08%,$167.78
DG,6252,41.95%,4.5-5.0%,263,33.83%,$-3.12,-2.03%,$4.05,2.63%,$153.84
DDOG,9960,62.47%,1.0-1.5%,260,52.80%,$0.49,0.39%,$15.39,12.29%,$125.20
DNN,38,104.14%,2.0-2.5%,2,153.12%,$0.06,1.59%,$0.06,1.59%,$3.78
DNUT,93,83.06%,0.0-0.5%,4,103.73%,$0.23,7.88%,$0.50,16.95%,$2.95
DE,10415,42.05%,4.5-5.0%,360,32.78%,$-2.69,-0.45%,$10.50,1.74%,$602.92
DJT,1639,117.84%,1.5-2.0%,49,116.20%,$0.60,5.43%,$7.45,67.85%,$10.98
DLR,2423,39.20%,4.5-5.0%,121,34.36%,$-1.17,-0.65%,$2.15,1.19%,$180.97
DOCN,554,74.56%,4.0-4.5%,13,66.52%,$0.47,0.69%,$1.35,1.98%,$68.16
DKNG,5416,65.90%,4.0-4.5%,131,60.15%,$0.14,0.63%,$2.73,12.55%,$21.76
DIS,7340,39.25%,3.5-4.0%,240,30.49%,$-0.38,-0.36%,$4.64,4.40%,$105.45
DIA,22646,25.46%,4.5-5.0%,1012,21.34%,$-2.89,-0.58%,$4.16,0.84%,$495.28
DLTR,7967,47.19%,2.0-2.5%,291,34.20%,$0.13,0.10%,$6.23,4.94%,$126.06
DOW,1109,47.49%,3.5-4.0%,46,39.92%,$-1.00,-3.09%,$0.56,1.72%,$32.49
DUOL,1249,69.76%,3.5-4.0%,38,61.37%,$-3.08,-2.74%,$6.95,6.17%,$112.57
EH,455,83.58%,3.5-4.0%,24,83.59%,$0.01,0.07%,$1.75,15.11%,$11.58
DOCU,6752,63.78%,2.0-2.5%,193,52.14%,$-0.18,-0.40%,$9.36,20.88%,$44.82
EMB,292,21.76%,4.5-5.0%,7,31.61%,$-0.80,-0.82%,$-0.06,-0.06%,$97.42
DXCM,2384,52.01%,1.0-1.5%,92,43.15%,$0.00,0.01%,$5.35,7.64%,$70.02
DVN,2863,40.59%,4.0-4.5%,101,33.09%,$-0.64,-1.44%,$0.57,1.28%,$44.66
EBAY,5383,44.13%,4.5-5.0%,199,35.18%,$-0.93,-1.12%,$1.25,1.52%,$82.38
EA,5906,39.39%,4.5-5.0%,252,32.21%,$-0.18,-0.09%,$2.33,1.16%,$200.62
EL,2770,49.67%,4.5-5.0%,104,40.91%,$-1.25,-1.15%,$3.40,3.14%,$108.24
EMR,3149,32.78%,4.5-5.0%,186,32.81%,$-1.54,-1.04%,$1.55,1.05%,$148.13
ENVX,1269,96.56%,2.5-3.0%,31,90.41%,$0.24,4.06%,$1.48,25.00%,$5.92
EOSE,474,121.48%,2.5-3.0%,14,106.09%,$0.21,1.92%,$0.69,6.22%,$11.10
ELF,4208,69.21%,0.5-1.0%,108,60.63%,$-0.31,-0.38%,$11.15,13.68%,$81.50
EPD,452,25.38%,4.5-5.0%,25,28.48%,$-0.50,-1.34%,$0.28,0.75%,$37.21
ETH,306,73.18%,4.5-5.0%,8,82.53%,$0.24,1.23%,$0.30,1.55%,$19.35
ET,304,32.22%,3.0-3.5%,7,21.90%,$-0.27,-1.45%,$0.03,0.16%,$18.75
ETHA,665,78.59%,4.5-5.0%,17,69.30%,$0.13,0.85%,$0.73,4.73%,$15.44
F,414,41.43%,2.5-3.0%,16,38.89%,$-0.01,-0.07%,$0.41,2.90%,$14.12
EOG,2656,33.56%,4.0-4.5%,146,29.44%,$-1.61,-1.33%,$1.75,1.45%,$120.73
FFAI,60,144.66%,4.5-5.0%,1,172.50%,$0.15,24.59%,$-0.02,-3.28%,$0.61
ENPH,8680,70.22%,4.5-5.0%,198,65.89%,$0.23,0.53%,$10.78,24.79%,$43.49
EQT,3243,50.92%,4.5-5.0%,126,45.63%,$-0.20,-0.34%,$0.77,1.31%,$58.70
FRMI,50,162.77%,2.5-3.0%,2,146.79%,$0.46,4.47%,$-0.10,-0.97%,$10.29
FCEL,242,131.92%,4.5-5.0%,17,142.71%,$0.11,1.58%,$0.52,7.20%,$7.22
FBTC,895,51.43%,4.0-4.5%,47,48.12%,$0.12,0.20%,$1.05,1.75%,$59.89
ETN,2973,40.00%,3.5-4.0%,137,33.48%,$-1.63,-0.42%,$5.90,1.52%,$389.25
FLY,270,114.81%,2.0-2.5%,7,126.57%,$0.21,1.09%,$0.55,2.85%,$19.30
FIG,570,82.56%,3.5-4.0%,20,76.90%,$0.04,0.19%,$2.84,12.61%,$22.53
FHN,219,41.41%,3.5-4.0%,17,36.05%,$-0.08,-0.32%,$0.00,0.00%,$24.56
ETSY,7637,64.92%,2.5-3.0%,205,58.89%,$0.41,0.91%,$10.94,23.92%,$45.73
EXPE,7964,54.94%,2.0-2.5%,266,42.24%,$-0.13,-0.06%,$12.08,5.68%,$212.67
FCX,5761,50.75%,4.0-4.5%,188,43.74%,$-0.45,-0.72%,$0.68,1.08%,$62.84
FEZ,1071,29.49%,4.0-4.5%,59,29.85%,$-0.72,-1.07%,$0.61,0.90%,$67.54
FIS,1207,38.96%,4.5-5.0%,55,33.62%,$-0.30,-0.63%,$0.95,2.03%,$46.80
FTAI,1341,77.05%,2.5-3.0%,45,69.90%,$0.96,0.34%,$7.40,2.64%,$279.85
GEMI,173,110.39%,3.0-3.5%,9,112.82%,$0.35,4.57%,$0.55,7.28%,$7.56
GAP,833,65.25%,2.0-2.5%,31,45.95%,$-0.01,-0.02%,$0.94,3.40%,$27.67
FUBO,1262,104.00%,1.5-2.0%,38,96.67%,$0.39,28.87%,$3.10,231.34%,$1.34
FDX,7109,41.23%,4.5-5.0%,232,33.98%,$-3.84,-1.02%,$10.26,2.74%,$374.72
FSLY,2927,80.29%,2.5-3.0%,85,77.05%,$-0.27,-1.49%,$6.18,33.84%,$18.26
FTNT,2977,47.00%,2.0-2.5%,121,37.30%,$0.29,0.34%,$6.90,8.06%,$85.56
GEHC,1997,35.87%,2.5-3.0%,131,29.79%,$0.06,0.07%,$1.40,1.74%,$80.34
FSLR,9304,59.82%,1.0-1.5%,240,51.66%,$0.57,0.25%,$11.40,5.05%,$225.65
GE,2532,42.28%,0.5-1.0%,84,30.44%,$0.70,0.22%,$5.53,1.75%,$315.41
GDDY,2503,42.83%,3.5-4.0%,160,34.45%,$0.25,0.28%,$3.95,4.43%,$89.12
FUTU,7155,73.92%,4.5-5.0%,186,66.78%,$-0.48,-0.33%,$8.50,5.79%,$146.72
GLXY,636,97.16%,0.0-0.5%,17,92.90%,$0.33,1.51%,$1.70,7.85%,$21.66
GD,3216,29.20%,4.5-5.0%,181,28.27%,$-2.28,-0.65%,$1.55,0.45%,$347.64
GEV,3727,54.70%,2.0-2.5%,130,49.36%,$4.80,0.60%,$15.50,1.93%,$802.13
GILD,2940,42.16%,4.5-5.0%,120,31.60%,$-0.74,-0.48%,$2.50,1.61%,$154.98
GLW,1560,42.96%,3.0-3.5%,86,34.55%,$-0.05,-0.03%,$2.01,1.51%,$133.46
GPRO,611,76.61%,1.0-1.5%,19,64.19%,$0.12,13.71%,$0.25,29.07%,$0.86
GTM,40,59.70%,3.5-4.0%,2,45.66%,$0.08,1.18%,$0.00,0.00%,$6.36
GRRR,405,128.44%,3.0-3.5%,14,132.65%,$0.27,2.19%,$1.60,12.76%,$12.54
GRAB,155,77.91%,0.5-1.0%,16,67.00%,$0.02,0.44%,$0.35,8.47%,$4.13
GOOS,1608,67.27%,4.5-5.0%,69,57.77%,$-0.01,-0.05%,$0.84,6.87%,$12.23
GME,3139,82.78%,0.5-1.0%,64,80.21%,$0.22,0.93%,$4.33,18.37%,$23.57
GM,5825,45.16%,4.5-5.0%,193,37.60%,$-0.22,-0.27%,$0.95,1.17%,$81.08
GNRC,4568,54.71%,3.5-4.0%,174,45.71%,$0.02,0.01%,$4.35,1.94%,$224.45
GLD,18151,24.85%,0.0-0.5%,868,16.57%,$0.50,0.11%,$15.16,3.28%,$462.62
GOOG,6500,41.06%,4.0-4.5%,195,33.61%,$0.14,0.05%,$6.41,2.09%,$306.02
GOOGL,6942,41.04%,4.5-5.0%,188,33.81%,$0.19,0.06%,$4.42,1.45%,$305.72
GSK,846,33.55%,4.5-5.0%,39,37.79%,$-0.30,-0.51%,$0.25,0.42%,$58.93
GTLB,2522,71.13%,3.5-4.0%,102,64.85%,$0.08,0.25%,$4.25,14.38%,$29.55
HIVE,176,124.09%,3.5-4.0%,8,112.99%,$0.09,4.07%,$0.05,2.26%,$2.21
HAL,4453,50.42%,4.5-5.0%,141,42.41%,$-0.63,-1.86%,$0.48,1.41%,$33.96
HL,913,70.31%,0.5-1.0%,28,55.83%,$0.10,0.44%,$1.03,4.56%,$22.60
HIMS,1930,95.32%,2.5-3.0%,58,92.33%,$0.04,0.26%,$4.40,26.99%,$16.30
GS,10192,37.67%,4.5-5.0%,333,30.18%,$-2.73,-0.30%,$13.88,1.53%,$905.14
HLF,1644,66.84%,4.0-4.5%,74,55.94%,$-0.06,-0.35%,$0.80,5.03%,$15.90
HD,7356,36.51%,4.5-5.0%,248,28.91%,$-3.70,-0.95%,$4.60,1.18%,$391.05
HLT,861,36.90%,1.0-1.5%,57,24.50%,$0.63,0.20%,$5.30,1.68%,$314.62
HON,1013,28.61%,4.5-5.0%,51,26.50%,$-4.06,-1.68%,$1.30,0.54%,$241.38
HRL,456,28.92%,4.0-4.5%,18,31.54%,$-0.51,-2.13%,$0.30,1.26%,$23.78
HPE,677,48.21%,3.5-4.0%,44,41.86%,$-0.12,-0.53%,$0.50,2.20%,$22.69
HOG,2161,50.70%,4.5-5.0%,113,44.94%,$-0.59,-2.88%,$1.00,4.90%,$20.42
HSBC,519,31.96%,4.0-4.5%,31,31.66%,$-0.12,-0.14%,$0.55,0.65%,$85.15
HTZ,290,95.82%,4.5-5.0%,10,86.06%,$0.17,3.35%,$0.36,7.14%,$5.04
HPQ,1472,41.21%,4.0-4.5%,72,33.54%,$-0.48,-2.48%,$0.74,3.84%,$19.26
HUT,1577,110.11%,2.5-3.0%,37,112.12%,$0.64,1.20%,$2.36,4.38%,$53.87
HOOD,3990,74.30%,4.0-4.5%,91,70.63%,$0.34,0.45%,$5.32,7.00%,$75.97
HSY,2546,31.02%,4.5-5.0%,136,29.43%,$-3.81,-1.71%,$1.45,0.65%,$222.58
IBKR,523,45.31%,3.0-3.5%,36,39.37%,$0.36,0.48%,$0.80,1.07%,$74.75
INO,134,128.86%,1.5-2.0%,3,116.17%,$0.43,26.92%,$0.00,0.00%,$1.61
HWM,1081,48.07%,1.0-1.5%,49,41.78%,$1.12,0.45%,$5.55,2.22%,$250.21
IAU,798,24.30%,2.5-3.0%,46,24.08%,$0.14,0.15%,$1.70,1.79%,$94.75
INOD,553,104.94%,3.5-4.0%,16,94.65%,$0.92,2.07%,$3.25,7.32%,$44.39
HUM,6894,41.60%,4.5-5.0%,324,35.98%,$-2.42,-1.31%,$11.35,6.17%,$184.10
IOVA,298,110.46%,2.5-3.0%,13,93.72%,$0.03,1.10%,$0.40,15.56%,$2.57
IEF,1101,9.13%,4.0-4.5%,9,14.28%,$0.01,0.01%,$-0.01,-0.01%,$97.21
IOT,1799,70.92%,2.5-3.0%,79,60.75%,$0.14,0.53%,$3.20,11.71%,$27.32
IONQ,2331,102.45%,1.5-2.0%,51,100.13%,$0.67,1.96%,$3.76,11.02%,$34.11
IBM,3397,33.93%,4.0-4.5%,133,26.88%,$-1.45,-0.55%,$5.40,2.06%,$262.38
IQ,922,86.24%,3.0-3.5%,29,65.64%,$0.12,6.49%,$0.54,30.00%,$1.80
IP,920,39.90%,4.5-5.0%,50,37.31%,$-0.45,-0.91%,$0.55,1.12%,$49.10
IREN,1227,116.76%,1.0-1.5%,21,106.54%,$1.26,2.98%,$6.07,14.38%,$42.22
IRM,901,40.34%,2.5-3.0%,59,34.65%,$-0.44,-0.40%,$1.50,1.37%,$109.83
INTC,5662,48.95%,4.5-5.0%,173,41.68%,$-0.77,-1.64%,$1.32,2.82%,$46.79
JBLU,866,67.55%,3.0-3.5%,20,57.57%,$0.06,1.02%,$0.13,2.20%,$5.91
JOBY,541,85.57%,2.0-2.5%,22,74.62%,$0.22,2.22%,$1.10,11.11%,$9.90
INTU,11163,43.56%,4.5-5.0%,436,36.69%,$-1.80,-0.45%,$29.45,7.37%,$399.40
JMIA,1521,104.85%,2.5-3.0%,46,105.67%,$0.05,0.49%,$4.27,45.82%,$9.32
JD,4431,57.20%,4.5-5.0%,135,49.19%,$-0.86,-3.16%,$2.01,7.41%,$27.14
ISRG,6543,42.96%,4.5-5.0%,267,35.67%,$0.34,0.07%,$16.00,3.29%,$485.84
KOPN,18,144.49%,2.5-3.0%,1,126.56%,$0.15,6.82%,$-0.10,-4.55%,$2.20
KHC,1012,33.12%,4.5-5.0%,31,27.60%,$-0.56,-2.27%,$0.17,0.69%,$24.80
JNJ,3413,30.04%,4.5-5.0%,172,23.37%,$-1.66,-0.68%,$1.45,0.60%,$243.45
KGC,946,53.31%,4.5-5.0%,32,45.10%,$0.01,0.04%,$0.42,1.22%,$34.40
KMI,787,32.21%,4.5-5.0%,47,28.96%,$-0.21,-0.65%,$0.13,0.40%,$32.32
KSS,688,73.74%,4.0-4.5%,14,57.14%,$0.19,0.95%,$0.37,1.86%,$19.85
KMB,1482,24.34%,4.0-4.5%,80,26.11%,$-1.63,-1.49%,$0.80,0.73%,$109.41
KO,2151,26.00%,4.5-5.0%,123,22.39%,$-0.60,-0.76%,$0.31,0.39%,$78.68
KKR,4335,46.50%,4.5-5.0%,200,39.74%,$-0.16,-0.16%,$4.20,4.13%,$101.73
JPM,6240,35.53%,4.5-5.0%,212,28.83%,$-1.26,-0.42%,$5.20,1.72%,$302.55
LASE,55,186.80%,3.0-3.5%,1,184.53%,$0.25,32.89%,$-0.45,-59.21%,$0.76
LAES,110,144.48%,1.5-2.0%,2,108.67%,$0.20,5.19%,$-0.03,-0.78%,$3.85
LDI,36,124.68%,0.5-1.0%,1,103.44%,$0.15,7.39%,$-0.05,-2.46%,$2.03
KOLD,2058,103.83%,1.0-1.5%,78,96.45%,$-0.72,-3.48%,$4.30,20.84%,$20.63
LAC,134,91.49%,2.5-3.0%,2,94.26%,$0.08,1.84%,$0.00,0.00%,$4.63
KR,3507,37.87%,4.0-4.5%,134,30.15%,$-0.59,-0.83%,$1.49,2.09%,$71.25
LCID,249,89.83%,1.0-1.5%,9,80.64%,$0.23,2.27%,$0.68,6.61%,$10.28
KTOS,755,71.56%,1.5-2.0%,27,68.70%,$0.57,0.64%,$4.45,5.00%,$89.06
KVUE,728,42.70%,4.0-4.5%,37,35.06%,$-0.30,-1.59%,$0.28,1.50%,$18.70
KWEB,1278,41.66%,4.0-4.5%,53,38.11%,$-0.99,-3.02%,$0.59,1.80%,$32.79
KRE,2433,46.65%,4.5-5.0%,107,39.18%,$-0.60,-0.84%,$0.23,0.32%,$71.28
LEVI,159,47.01%,2.5-3.0%,9,37.60%,$0.08,0.37%,$0.10,0.46%,$21.91
LHX,520,34.37%,4.0-4.5%,33,29.14%,$-0.45,-0.13%,$2.10,0.61%,$345.50
LQDA,261,147.51%,1.5-2.0%,5,131.11%,$1.49,3.90%,$1.50,3.93%,$38.20
LITE,2984,66.00%,1.0-1.5%,153,51.35%,$1.40,0.25%,$34.35,6.10%,$562.74
LI,4334,71.02%,4.0-4.5%,126,63.13%,$0.03,0.19%,$1.38,7.48%,$18.46
LEN,4853,45.64%,4.5-5.0%,204,39.47%,$-1.71,-1.40%,$2.70,2.21%,$122.28
LUNR,680,109.22%,1.5-2.0%,23,115.61%,$0.23,1.40%,$1.00,6.20%,$16.13
LUMN,779,75.15%,2.5-3.0%,27,59.32%,$-0.11,-1.33%,$0.26,3.10%,$8.39
LRCX,2165,54.21%,0.0-0.5%,66,44.78%,$1.16,0.49%,$9.50,4.03%,$235.53
LMND,4413,86.67%,3.0-3.5%,131,81.96%,$-0.06,-0.10%,$6.70,10.51%,$63.76
LW,283,38.65%,4.0-4.5%,16,32.44%,$-0.50,-1.01%,$0.15,0.30%,$49.82
LNG,3079,36.04%,4.0-4.5%,151,31.86%,$-0.12,-0.05%,$1.90,0.86%,$220.79
LUV,5018,46.85%,4.5-5.0%,155,38.89%,$-0.70,-1.38%,$0.71,1.39%,$51.11
LOW,6185,39.54%,4.5-5.0%,195,30.58%,$-2.87,-1.00%,$3.21,1.12%,$287.39
LMT,5538,29.19%,4.5-5.0%,264,26.15%,$-6.00,-0.92%,$3.55,0.54%,$652.58
LVS,5381,50.98%,4.5-5.0%,209,40.79%,$-0.52,-0.91%,$0.94,1.64%,$57.15
LLY,12155,41.27%,4.5-5.0%,424,33.34%,$-1.72,-0.16%,$16.35,1.57%,$1040.00
M,1072,59.51%,4.0-4.5%,31,49.84%,$-0.24,-1.12%,$0.68,3.14%,$21.63
LYFT,3382,66.50%,3.5-4.0%,94,61.51%,$-0.00,-0.00%,$1.19,8.97%,$13.27
LULU,9709,48.32%,4.5-5.0%,303,40.74%,$-0.11,-0.06%,$14.48,8.21%,$176.42
MBLY,777,75.55%,4.5-5.0%,29,63.71%,$0.06,0.66%,$0.46,5.01%,$9.19
MANU,884,105.23%,4.5-5.0%,30,93.89%,$0.14,0.83%,$1.35,7.74%,$17.44
MCHP,2276,54.70%,4.5-5.0%,89,48.60%,$-0.97,-1.23%,$1.90,2.42%,$78.56
MARA,3325,114.66%,2.0-2.5%,71,115.42%,$0.20,2.47%,$3.71,46.84%,$7.92
MA,11765,36.74%,4.5-5.0%,420,28.62%,$-0.39,-0.08%,$8.36,1.61%,$518.36
MDLZ,1308,26.26%,4.5-5.0%,68,29.74%,$-0.83,-1.32%,$0.30,0.48%,$62.59
MAR,6269,42.03%,4.5-5.0%,254,34.39%,$-0.37,-0.11%,$5.31,1.50%,$353.89
MCD,5985,31.31%,4.5-5.0%,216,24.19%,$-2.93,-0.89%,$1.58,0.48%,$327.58
MLCO,462,67.59%,0.0-0.5%,20,56.49%,$0.12,2.23%,$0.30,5.42%,$5.53
MNKD,151,108.03%,0.5-1.0%,9,104.75%,$0.07,1.24%,$0.00,0.00%,$5.66
MDT,2632,35.91%,4.5-5.0%,132,31.13%,$-1.02,-1.02%,$0.87,0.87%,$99.49
MCK,5518,33.64%,4.5-5.0%,299,33.17%,$-0.11,-0.01%,$9.20,0.98%,$934.75
MGM,5259,50.28%,2.0-2.5%,164,39.79%,$0.08,0.23%,$1.03,3.02%,$34.14
MMM,2521,40.07%,4.0-4.5%,110,30.48%,$0.03,0.02%,$2.75,1.60%,$171.82
MPW,212,67.09%,4.5-5.0%,5,72.12%,$0.03,0.52%,$0.04,0.80%,$5.02
MO,847,30.88%,4.5-5.0%,38,25.43%,$-0.46,-0.68%,$0.29,0.43%,$67.25
MDB,10318,65.86%,4.0-4.5%,303,58.01%,$0.30,0.08%,$25.15,6.83%,$368.40
MP,963,81.09%,2.5-3.0%,24,83.01%,$0.84,1.45%,$3.90,6.72%,$58.03
MSTY,63,75.28%,3.5-4.0%,1,62.50%,$0.05,0.21%,$-1.15,-4.81%,$23.92
NB,65,133.24%,4.5-5.0%,2,141.44%,$0.16,2.84%,$0.00,0.00%,$5.80
MSOS,1128,83.33%,4.0-4.5%,22,73.28%,$0.13,3.32%,$1.11,28.03%,$3.96
NAK,35,168.68%,0.5-1.0%,1,190.62%,$0.15,6.94%,$-0.10,-4.63%,$2.16
META,11047,45.74%,4.5-5.0%,303,37.55%,$0.07,0.01%,$21.35,3.34%,$639.77
MELI,20115,52.11%,3.5-4.0%,796,44.32%,$-3.37,-0.17%,$71.35,3.59%,$1988.26
MSTX,823,137.35%,1.0-1.5%,19,135.91%,$0.84,34.22%,$3.30,134.69%,$2.45
MS,4260,37.00%,4.5-5.0%,120,29.99%,$-0.83,-0.48%,$2.66,1.55%,$171.15
MRK,3956,33.99%,4.5-5.0%,165,27.46%,$-1.78,-1.47%,$1.19,0.98%,$121.41
MVIS,628,117.73%,2.0-2.5%,14,129.65%,$0.25,33.24%,$2.28,304.00%,$0.75
MRNA,9357,69.34%,1.5-2.0%,247,62.20%,$-0.24,-0.58%,$17.32,41.01%,$42.23
MRVL,7040,58.81%,4.5-5.0%,214,52.98%,$-0.12,-0.15%,$3.58,4.55%,$78.61
MT,2304,50.99%,4.0-4.5%,89,42.03%,$-0.39,-0.63%,$0.53,0.86%,$61.51
NBIS,1758,96.89%,2.5-3.0%,46,93.96%,$0.45,0.45%,$4.50,4.59%,$98.01
MSTR,3838,88.58%,3.5-4.0%,91,78.70%,$2.10,1.57%,$47.62,35.57%,$133.88
MSFT,11379,36.74%,4.0-4.5%,350,28.11%,$-0.38,-0.09%,$11.02,2.75%,$400.41
NCLH,3245,62.79%,1.0-1.5%,107,53.26%,$0.07,0.31%,$0.97,4.51%,$21.49
NMAX,198,102.96%,3.5-4.0%,3,97.77%,$0.45,8.27%,$1.00,18.52%,$5.40
NLY,144,27.36%,3.0-3.5%,13,24.20%,$-0.04,-0.18%,$0.06,0.26%,$23.07
NEE,2273,39.58%,3.5-4.0%,85,30.87%,$-0.65,-0.69%,$0.75,0.80%,$93.80
MU,9170,54.07%,3.5-4.0%,261,46.40%,$0.11,0.03%,$15.90,3.86%,$411.66
NN,220,115.85%,3.5-4.0%,8,114.09%,$0.30,1.86%,$0.30,1.86%,$16.09
NOW,228,51.27%,2.5-3.0%,8,41.82%,$-1.53,-1.43%,$3.35,3.13%,$107.08
NFE,384,113.24%,2.5-3.0%,13,88.74%,$-0.16,-13.11%,$0.25,20.49%,$1.22
NOK,200,38.92%,4.0-4.5%,9,43.94%,$-0.05,-0.68%,$0.11,1.56%,$7.03
NEM,3726,45.51%,4.5-5.0%,150,36.75%,$-0.44,-0.35%,$2.11,1.68%,$125.80
NNE,1413,112.15%,4.5-5.0%,46,112.20%,$0.36,1.44%,$2.75,11.09%,$24.79
NIO,2640,81.03%,3.0-3.5%,65,75.04%,$0.06,1.30%,$3.18,64.24%,$4.95
NRG,906,47.90%,2.5-3.0%,41,43.61%,$1.04,0.61%,$4.55,2.64%,$172.35
NVTS,228,109.46%,0.5-1.0%,6,85.70%,$0.27,3.23%,$0.39,4.70%,$8.30
NET,8435,70.86%,0.0-0.5%,219,60.62%,$0.53,0.27%,$21.20,10.82%,$195.85
NKE,7396,41.96%,4.5-5.0%,249,34.85%,$-1.98,-3.14%,$3.80,6.02%,$63.13
NU,917,55.39%,0.0-0.5%,33,39.06%,$0.07,0.40%,$0.33,1.96%,$16.82
NTR,1295,35.91%,4.5-5.0%,84,34.50%,$-0.96,-1.36%,$0.55,0.78%,$70.81
OPAD,8,152.19%,0.5-1.0%,1,105.78%,$0.20,24.69%,$-0.70,-86.42%,$0.81
ONDS,185,122.78%,0.5-1.0%,4,124.44%,$0.35,3.79%,$0.10,1.07%,$9.31
NSC,3300,34.62%,4.5-5.0%,159,32.60%,$-3.79,-1.20%,$2.45,0.78%,$314.94
NTAP,3313,45.02%,4.5-5.0%,153,38.60%,$-0.86,-0.84%,$4.40,4.30%,$102.42
NVAX,3967,112.96%,3.5-4.0%,93,104.89%,$-0.05,-0.62%,$13.67,157.13%,$8.70
OKLO,1967,112.24%,3.5-4.0%,47,107.89%,$0.37,0.56%,$7.55,11.49%,$65.69
NVO,3359,46.81%,4.5-5.0%,113,38.06%,$-0.80,-1.61%,$2.03,4.10%,$49.57
NVDA,3822,57.39%,2.0-2.5%,86,48.73%,$0.57,0.31%,$4.30,2.35%,$182.81
ONON,2699,60.13%,4.5-5.0%,102,57.70%,$0.23,0.52%,$1.44,3.18%,$45.29
NXPI,5973,49.47%,4.5-5.0%,210,41.00%,$-2.70,-1.10%,$5.10,2.09%,$244.43
OWL,103,53.22%,3.5-4.0%,6,36.94%,$0.01,0.12%,$0.05,0.41%,$12.06
ON,5768,56.55%,3.0-3.5%,199,47.26%,$0.23,0.32%,$2.11,2.92%,$72.21
OKTA,7621,60.16%,2.5-3.0%,249,49.72%,$0.07,0.08%,$6.51,7.46%,$87.26
OSCR,486,86.07%,3.5-4.0%,15,80.95%,$0.39,2.92%,$0.79,5.89%,$13.42
PAA,92,35.23%,4.0-4.5%,2,53.51%,$0.05,0.27%,$0.10,0.50%,$20.15
OPEN,826,108.15%,1.0-1.5%,29,94.28%,$0.24,5.37%,$1.89,42.47%,$4.45
OUST,593,106.26%,1.0-1.5%,19,111.51%,$0.17,0.93%,$2.70,14.38%,$18.77
PAAS,1125,54.22%,4.5-5.0%,52,49.25%,$-0.10,-0.18%,$0.95,1.64%,$57.93
PBR,260,36.92%,4.5-5.0%,16,32.39%,$-0.08,-0.52%,$0.08,0.53%,$15.19
PANW,1372,48.36%,2.5-3.0%,42,37.58%,$0.80,0.48%,$4.40,2.64%,$166.95
PATH,1195,64.90%,2.0-2.5%,42,53.81%,$0.11,0.93%,$2.00,17.67%,$11.32
OXY,5068,47.77%,4.5-5.0%,160,38.36%,$-0.40,-0.87%,$1.16,2.52%,$46.07
PCT,502,114.25%,3.0-3.5%,19,109.97%,$0.14,1.55%,$0.85,9.78%,$8.69
ORCL,7788,42.22%,4.5-5.0%,276,35.58%,$-0.55,-0.34%,$7.86,4.91%,$160.14
PCG,1420,42.66%,3.0-3.5%,83,32.85%,$0.04,0.23%,$0.18,0.99%,$18.16
PL,260,93.45%,4.0-4.5%,9,92.66%,$0.33,1.49%,$0.45,2.01%,$22.42
PFE,675,34.50%,4.0-4.5%,37,27.69%,$-0.42,-1.54%,$0.22,0.80%,$27.58
PGR,1181,34.97%,4.0-4.5%,73,30.55%,$-4.66,-2.28%,$3.70,1.81%,$204.53
PNFP,64,65.71%,2.0-2.5%,1,28.90%,$0.25,0.26%,$-1.10,-1.14%,$96.13
PONY,353,106.16%,3.5-4.0%,9,109.37%,$0.31,2.23%,$1.03,7.32%,$14.07
PLUG,2219,91.17%,4.5-5.0%,53,85.06%,$0.03,1.52%,$3.41,180.42%,$1.89
PEP,2857,29.90%,4.5-5.0%,132,25.10%,$-2.28,-1.37%,$0.85,0.51%,$165.94
PSKY,165,63.46%,2.0-2.5%,7,61.42%,$0.23,2.27%,$0.44,4.26%,$10.32
PHM,3829,42.01%,4.5-5.0%,192,37.91%,$-0.18,-0.13%,$2.00,1.40%,$142.56
PSQH,34,134.41%,2.5-3.0%,1,112.34%,$0.20,26.67%,$-0.15,-20.00%,$0.75
POET,139,106.83%,0.5-1.0%,5,92.15%,$0.24,4.30%,$0.40,7.17%,$5.58
PG,4054,29.18%,4.5-5.0%,204,23.92%,$-2.03,-1.27%,$0.88,0.55%,$160.07
PDD,8564,62.23%,4.0-4.5%,263,54.21%,$-0.44,-0.44%,$6.56,6.54%,$100.28
PINS,5212,62.70%,0.5-1.0%,145,52.37%,$0.06,0.41%,$9.74,63.16%,$15.42
PM,1537,30.14%,4.0-4.5%,83,26.49%,$-0.72,-0.39%,$1.80,0.96%,$187.51
PLTR,5035,69.79%,4.0-4.5%,129,59.72%,$0.42,0.32%,$6.58,5.01%,$131.41
RANI,10,374.65%,0.5-1.0%,1,200.00%,$0.05,4.03%,$-0.25,-20.16%,$1.24
PNC,2111,34.60%,4.0-4.5%,99,30.00%,$-1.88,-0.82%,$4.15,1.81%,$229.32
QSI,42,143.31%,2.5-3.0%,1,237.50%,$0.09,9.09%,$-0.05,-5.05%,$0.99
PPG,3934,37.92%,4.5-5.0%,200,36.07%,$-2.72,-2.08%,$1.35,1.03%,$130.59
QXO,275,59.01%,4.0-4.5%,14,59.54%,$0.19,0.71%,$0.15,0.55%,$27.07
QBTS,740,117.18%,2.0-2.5%,9,110.12%,$1.15,5.83%,$1.56,7.93%,$19.67
PSX,2862,35.57%,4.0-4.5%,152,31.13%,$-1.68,-1.05%,$2.55,1.60%,$159.77
PTON,3169,79.65%,4.5-5.0%,88,77.01%,$-0.32,-7.56%,$5.44,128.00%,$4.25
RBRK,403,63.29%,4.0-4.5%,21,55.52%,$0.26,0.48%,$0.80,1.47%,$54.55
QUBT,553,127.64%,2.0-2.5%,15,120.08%,$0.26,3.08%,$0.70,8.26%,$8.47
RCAT,386,123.69%,2.5-3.0%,9,120.28%,$0.35,3.10%,$0.30,2.64%,$11.37
QS,2122,95.72%,3.5-4.0%,57,90.56%,$0.04,0.46%,$4.21,54.46%,$7.73
QCOM,7898,46.88%,4.5-5.0%,244,39.10%,$-2.62,-1.86%,$4.07,2.89%,$140.70
RDW,203,124.56%,0.0-0.5%,8,102.47%,$0.46,5.68%,$0.65,8.10%,$8.02
PYPL,7069,50.00%,4.5-5.0%,214,40.88%,$-0.11,-0.28%,$4.88,12.11%,$40.29
REPL,80,157.66%,1.0-1.5%,5,131.23%,$0.63,7.88%,$1.75,21.96%,$7.97
RDDT,3358,79.77%,0.5-1.0%,82,77.51%,$1.05,0.75%,$13.48,9.65%,$139.65
RBLX,7416,70.13%,3.0-3.5%,223,62.31%,$0.19,0.30%,$6.51,10.31%,$63.17
RGTI,792,124.21%,2.5-3.0%,9,149.42%,$0.54,3.33%,$2.70,16.78%,$16.09
RCL,8419,55.52%,3.0-3.5%,236,44.33%,$-0.35,-0.11%,$7.00,2.19%,$319.61
RIG,707,73.19%,3.0-3.5%,19,66.01%,$0.06,0.89%,$0.14,2.14%,$6.54
RR,64,135.10%,4.0-4.5%,1,173.59%,$0.40,13.42%,$-0.05,-1.68%,$2.98
RILY,896,148.81%,3.0-3.5%,20,147.74%,$0.22,3.16%,$2.90,42.52%,$6.82
RKLB,1661,91.63%,0.0-0.5%,37,87.85%,$0.74,1.10%,$4.35,6.45%,$67.44
RKT,1316,68.62%,4.0-4.5%,59,59.70%,$-0.07,-0.36%,$0.86,4.60%,$18.68
RIOT,2638,112.27%,4.0-4.5%,63,107.00%,$0.21,1.40%,$5.92,38.90%,$15.22
RIVN,3193,85.62%,4.0-4.5%,88,77.22%,$-0.21,-1.16%,$2.98,16.81%,$17.73
RZLV,51,150.54%,2.0-2.5%,1,275.00%,$0.80,35.24%,$-0.10,-4.41%,$2.27
REGN,7472,38.59%,3.5-4.0%,422,33.21%,$-1.40,-0.17%,$28.30,3.52%,$803.17
RH,9146,62.34%,3.5-4.0%,298,54.85%,$-0.02,-0.01%,$21.70,10.58%,$205.06
RNG,3873,68.06%,4.5-5.0%,140,58.37%,$-1.22,-4.03%,$7.30,24.18%,$30.19
RUM,590,103.04%,1.0-1.5%,14,94.92%,$0.25,4.21%,$1.20,20.13%,$5.96
QQQ,58796,32.71%,4.5-5.0%,1822,25.24%,$-0.05,-0.01%,$7.43,1.23%,$601.92
RXRX,228,97.27%,1.5-2.0%,3,98.44%,$0.35,10.03%,$0.10,2.87%,$3.49
ROST,4894,42.62%,4.5-5.0%,248,37.22%,$-0.44,-0.22%,$7.95,4.04%,$196.54
RUN,1995,90.19%,4.0-4.5%,47,87.90%,$0.14,0.73%,$0.67,3.51%,$19.09
RSP,1141,24.94%,4.0-4.5%,62,28.45%,$-1.89,-0.93%,$0.65,0.32%,$202.87
SBET,300,110.94%,1.5-2.0%,9,113.31%,$0.10,1.39%,$1.43,20.88%,$6.85
ROKU,8305,71.25%,2.0-2.5%,218,61.89%,$-0.22,-0.24%,$26.18,29.07%,$90.06
RTX,4733,35.42%,4.0-4.5%,186,27.32%,$-1.08,-0.54%,$1.28,0.64%,$200.06
S,1161,63.79%,0.5-1.0%,61,59.62%,$0.23,1.63%,$2.45,17.66%,$13.87
SAP,557,39.28%,4.0-4.5%,14,31.85%,$-0.61,-0.30%,$0.90,0.44%,$204.53
SCCO,267,54.89%,4.0-4.5%,7,52.01%,$1.18,0.60%,$2.75,1.39%,$198.00
SCHD,103,16.43%,3.5-4.0%,1,46.67%,$0.20,0.63%,$-0.10,-0.32%,$31.61
SATS,623,76.30%,0.5-1.0%,29,65.41%,$0.90,0.80%,$4.45,3.93%,$113.15
SAVA,3262,124.58%,1.0-1.5%,90,116.07%,$-0.31,-14.84%,$8.29,396.65%,$2.09
SERV,546,118.65%,3.0-3.5%,8,123.27%,$0.10,1.07%,$0.20,2.09%,$9.56
SG,309,84.24%,2.5-3.0%,13,77.12%,$0.19,3.74%,$0.70,13.62%,$5.14
SBUX,5070,39.30%,4.5-5.0%,176,32.09%,$-1.53,-1.63%,$2.04,2.18%,$93.79
SFIX,1723,87.57%,4.5-5.0%,49,76.42%,$-0.29,-7.98%,$3.11,85.21%,$3.65
SLS,35,143.09%,1.0-1.5%,1,202.34%,$0.70,19.50%,$-0.55,-15.32%,$3.59
SCHW,6423,42.64%,4.5-5.0%,211,35.22%,$-0.50,-0.54%,$1.46,1.56%,$93.72
SIRI,683,49.10%,1.5-2.0%,32,42.44%,$-0.30,-1.42%,$0.40,1.88%,$21.29
SKYT,414,108.07%,4.5-5.0%,15,101.09%,$0.26,0.88%,$0.95,3.25%,$29.23
SEDG,3964,82.59%,4.0-4.5%,92,76.73%,$-0.61,-1.72%,$8.93,25.13%,$35.53
SHEL,1052,26.80%,4.5-5.0%,51,28.34%,$-0.70,-0.88%,$0.40,0.51%,$78.77
SE,7976,66.26%,4.0-4.5%,228,59.39%,$-0.19,-0.18%,$8.94,8.38%,$106.74
SIG,5478,67.78%,4.5-5.0%,191,59.42%,$-0.64,-0.71%,$3.15,3.50%,$90.09
SHAK,4793,56.83%,3.5-4.0%,205,48.25%,$-0.05,-0.05%,$4.00,4.54%,$88.15
SLB,4646,48.70%,4.5-5.0%,159,37.87%,$-0.82,-1.62%,$0.75,1.49%,$50.39
SHOP,5757,61.35%,0.0-0.5%,161,53.61%,$0.13,0.11%,$6.64,5.89%,$112.70
SMMT,509,125.10%,2.0-2.5%,18,97.46%,$0.20,1.36%,$1.65,11.03%,$14.96
SMCI,1945,93.92%,2.0-2.5%,37,96.45%,$0.20,0.65%,$5.40,17.68%,$30.54
SOC,196,143.97%,0.0-0.5%,5,123.91%,$0.68,7.59%,$0.86,9.67%,$8.89
SNDK,1039,108.66%,0.5-1.0%,26,104.43%,$14.90,2.38%,$33.60,5.36%,$626.56
SMR,1361,110.51%,0.0-0.5%,40,109.18%,$0.17,1.16%,$2.35,16.42%,$14.31
SLV,3936,43.24%,4.5-5.0%,138,36.87%,$-0.05,-0.08%,$4.78,6.86%,$69.72
SONY,313,40.60%,1.5-2.0%,24,33.29%,$0.13,0.55%,$0.45,1.94%,$23.19
SPXU,80,41.63%,3.5-4.0%,4,47.20%,$0.38,0.76%,$0.70,1.40%,$50.14
SOUN,734,109.17%,3.0-3.5%,16,133.49%,$0.20,2.66%,$1.34,17.96%,$7.46
SQQQ,264,55.71%,0.0-0.5%,10,64.15%,$0.79,1.09%,$3.75,5.16%,$72.73
SPCE,285,111.96%,2.0-2.5%,9,111.81%,$0.20,7.73%,$0.35,13.67%,$2.56
STUB,70,106.44%,2.0-2.5%,1,74.84%,$0.30,3.25%,$-0.20,-2.17%,$9.23
SO,1128,25.07%,4.5-5.0%,47,27.45%,$-0.47,-0.50%,$0.20,0.21%,$94.95
SNAP,3654,71.53%,2.0-2.5%,105,64.91%,$0.09,1.95%,$4.31,89.23%,$4.83
SOFI,2116,73.67%,2.5-3.0%,41,69.70%,$0.19,0.98%,$0.98,5.00%,$19.61
SNPS,1928,47.44%,3.5-4.0%,93,39.37%,$-2.88,-0.66%,$10.60,2.43%,$437.09
SSO,161,33.75%,1.0-1.5%,15,28.22%,$0.31,0.54%,$0.20,0.35%,$57.37
SOXX,1196,48.13%,4.0-4.5%,44,40.84%,$-0.03,-0.01%,$3.95,1.11%,$354.66
SNOW,10153,62.91%,1.0-1.5%,255,55.00%,$0.83,0.46%,$14.43,7.92%,$182.29
STLA,144,49.70%,3.5-4.0%,13,45.99%,$-0.10,-1.30%,$0.10,1.29%,$7.75
TE,39,124.12%,2.0-2.5%,3,150.83%,$0.27,4.41%,$0.20,3.27%,$6.12
SPGI,4618,32.52%,4.0-4.5%,274,31.50%,$-1.82,-0.45%,$10.10,2.47%,$409.54
T,840,32.83%,4.5-5.0%,36,28.60%,$-0.10,-0.34%,$0.29,1.01%,$28.69
SU,1931,41.15%,3.5-4.0%,96,30.27%,$-0.39,-0.69%,$0.32,0.57%,$55.99
SRPT,5266,72.94%,3.0-3.5%,242,60.28%,$-0.05,-0.25%,$14.70,82.63%,$17.79
TEM,1863,96.43%,1.0-1.5%,44,96.41%,$0.27,0.53%,$4.80,9.24%,$51.95
SYM,1814,91.22%,3.0-3.5%,56,90.50%,$0.59,1.07%,$4.05,7.37%,$54.95
STX,3678,52.66%,4.0-4.5%,142,44.50%,$0.05,0.01%,$16.28,3.82%,$425.99
SPOT,10858,55.39%,0.5-1.0%,351,44.94%,$0.73,0.16%,$30.65,6.69%,$458.34
TER,601,57.66%,0.5-1.0%,19,50.19%,$2.25,0.72%,$12.85,4.08%,$314.66
TIGR,395,79.62%,0.0-0.5%,9,85.67%,$0.37,4.64%,$1.75,21.79%,$8.03
TDOC,4524,69.54%,4.0-4.5%,130,60.45%,$0.08,1.70%,$5.21,112.04%,$4.65
TLRY,59,115.41%,2.5-3.0%,2,136.10%,$0.37,4.86%,$0.53,7.06%,$7.51
STZ,4627,34.26%,4.5-5.0%,220,29.68%,$-3.50,-2.35%,$3.90,2.61%,$149.30
TEVA,1555,54.20%,0.0-0.5%,60,43.86%,$0.09,0.25%,$1.00,2.94%,$33.98
TMQ,39,122.36%,0.5-1.0%,1,112.89%,$0.25,5.92%,$-0.15,-3.55%,$4.22
TECK,3584,54.59%,3.5-4.0%,155,48.31%,$-0.35,-0.60%,$1.28,2.17%,$58.91
TEAM,7658,63.34%,4.5-5.0%,219,52.29%,$-0.00,-0.01%,$19.25,22.81%,$84.38
TMC,218,135.63%,2.5-3.0%,10,138.98%,$0.12,1.97%,$0.30,4.93%,$6.09
TGT,4260,40.93%,4.5-5.0%,152,34.71%,$-2.34,-2.02%,$3.76,3.25%,$115.76
TLN,1005,59.03%,0.0-0.5%,44,53.17%,$3.02,0.80%,$12.70,3.37%,$376.70
TQQQ,475,68.18%,1.0-1.5%,14,57.36%,$0.58,1.20%,$1.21,2.50%,$48.47
TSLQ,36,90.10%,2.5-3.0%,1,116.44%,$0.85,4.21%,$-0.15,-0.74%,$20.21
TJX,5287,35.57%,4.5-5.0%,234,29.42%,$-0.48,-0.31%,$0.97,0.63%,$154.46
TSSI,163,121.60%,4.5-5.0%,8,113.12%,$0.09,1.07%,$0.50,6.14%,$8.14
TSCO,491,36.60%,4.0-4.5%,29,36.83%,$0.11,0.19%,$0.50,0.91%,$55.03
TOST,2238,64.80%,0.5-1.0%,84,57.78%,$0.21,0.79%,$3.69,13.50%,$27.33
TPR,1746,47.49%,4.5-5.0%,96,44.12%,$-0.07,-0.05%,$2.60,1.69%,$153.80
UAMY,113,142.25%,0.5-1.0%,2,153.36%,$0.55,7.22%,$0.00,0.00%,$7.62
TRIP,2042,65.36%,3.5-4.0%,77,52.94%,$0.05,0.53%,$1.18,12.28%,$9.61
TMO,5861,35.72%,4.0-4.5%,269,29.71%,$-0.20,-0.04%,$12.60,2.50%,$504.82
TMUS,7209,38.15%,4.5-5.0%,289,30.77%,$-0.34,-0.16%,$2.67,1.22%,$219.50
ULTY,18,39.03%,3.5-4.0%,1,45.50%,$0.05,0.15%,$-0.65,-1.89%,$34.45
TXRH,813,45.85%,0.0-0.5%,36,27.02%,$0.05,0.03%,$4.40,2.43%,$180.90
UMAC,224,120.01%,3.0-3.5%,7,107.85%,$0.29,2.42%,$0.35,2.94%,$11.92
TTD,6870,65.16%,3.0-3.5%,205,56.29%,$-0.05,-0.20%,$5.82,22.55%,$25.81
TSM,9039,46.20%,4.0-4.5%,267,37.62%,$-1.35,-0.37%,$4.60,1.26%,$366.36
TXN,3369,39.70%,4.5-5.0%,122,31.21%,$-2.87,-1.27%,$2.73,1.21%,$226.16
TTWO,7334,47.32%,0.5-1.0%,246,34.48%,$0.49,0.26%,$13.66,7.05%,$193.67
UEC,441,80.70%,2.5-3.0%,18,67.05%,$0.07,0.45%,$0.40,2.58%,$15.52
U,4711,78.93%,4.0-4.5%,127,73.17%,$-0.23,-1.22%,$4.11,22.00%,$18.68
TSLA,7861,61.85%,2.5-3.0%,199,55.57%,$1.60,0.38%,$12.97,3.11%,$417.44
TWLO,7732,65.49%,0.0-0.5%,225,54.41%,$-0.17,-0.15%,$19.18,16.97%,$113.00
UAL,6841,55.59%,3.0-3.5%,206,46.43%,$0.17,0.16%,$3.85,3.52%,$109.29
UPXI,64,168.97%,2.5-3.0%,1,182.89%,$0.47,61.04%,$-0.12,-15.58%,$0.77
UBER,6382,52.39%,3.0-3.5%,182,44.89%,$0.18,0.25%,$2.15,3.07%,$69.99
UNG,893,66.45%,3.0-3.5%,30,56.42%,$0.01,0.10%,$0.40,3.22%,$12.44
USAR,456,134.45%,4.5-5.0%,11,144.93%,$0.44,2.29%,$1.80,9.28%,$19.40
UPS,2227,38.30%,4.5-5.0%,94,31.30%,$-2.54,-2.13%,$1.69,1.42%,$119.24
ULTA,9022,44.46%,4.5-5.0%,344,36.94%,$1.05,0.15%,$21.90,3.20%,$683.40
UNP,3506,33.41%,4.0-4.5%,185,28.00%,$-3.46,-1.33%,$2.85,1.09%,$260.68
UWMC,59,66.66%,0.5-1.0%,3,88.85%,$0.17,3.41%,$0.15,3.07%,$4.89
VERU,1,86.56%,0.5-1.0%,1,86.56%,$-0.23,-10.04%,$-0.15,-6.55%,$2.29
UUUU,453,105.61%,0.5-1.0%,16,110.88%,$0.57,2.76%,$2.60,12.55%,$20.72
UPRO,6306,58.87%,2.0-2.5%,210,46.98%,$-0.18,-0.16%,$3.15,2.78%,$113.51
URA,1176,49.27%,4.0-4.5%,50,43.65%,$-0.73,-1.41%,$0.80,1.54%,$51.91
VISN,10,66.57%,0.5-1.0%,1,135.58%,$0.30,1.56%,$-2.25,-11.72%,$19.20
USB,2150,37.11%,4.5-5.0%,101,31.53%,$-0.40,-0.69%,$0.77,1.33%,$57.69
UNH,10852,37.44%,4.5-5.0%,384,29.26%,$-6.21,-2.12%,$8.51,2.90%,$293.19
VALE,278,38.29%,4.5-5.0%,17,36.88%,$-0.04,-0.23%,$0.07,0.42%,$16.65
UPST,6108,100.36%,0.0-0.5%,165,93.59%,$0.07,0.23%,$22.81,74.35%,$30.68
URBN,2620,60.72%,1.5-2.0%,125,48.43%,$0.17,0.24%,$2.80,3.99%,$70.18
VG,149,87.55%,3.5-4.0%,9,82.95%,$0.20,2.09%,$0.45,4.81%,$9.36
USO,8098,44.15%,2.5-3.0%,319,36.41%,$0.18,0.24%,$2.19,2.87%,$76.22
URI,9756,46.96%,3.5-4.0%,373,38.74%,$-2.78,-0.32%,$30.95,3.56%,$869.57
VOD,93,32.45%,4.0-4.5%,3,36.06%,$0.04,0.24%,$0.03,0.19%,$15.57
V,7885,36.02%,4.5-5.0%,267,27.99%,$-0.19,-0.06%,$5.53,1.76%,$314.08
VFC,1423,64.19%,2.0-2.5%,49,59.82%,$-0.27,-1.34%,$0.62,3.05%,$20.30
WEN,56,50.47%,4.0-4.5%,1,69.37%,$0.13,1.74%,$-0.10,-1.34%,$7.48
VZ,810,27.69%,4.5-5.0%,54,25.65%,$-0.44,-0.90%,$0.26,0.53%,$49.01
WBD,1426,61.11%,2.0-2.5%,33,48.29%,$0.08,0.29%,$0.47,1.68%,$27.99
VXX,1283,66.08%,0.0-0.5%,59,67.35%,$-0.13,-0.45%,$5.42,18.53%,$29.25
VKTX,1852,100.01%,4.0-4.5%,60,97.95%,$0.04,0.15%,$4.85,16.72%,$29.00
VRT,3539,64.65%,3.0-3.5%,116,58.12%,$0.46,0.19%,$6.25,2.66%,$234.53
VLO,5348,43.60%,4.5-5.0%,172,34.80%,$-1.63,-0.82%,$1.71,0.85%,$200.17
WDC,1180,69.91%,0.5-1.0%,49,61.43%,$2.22,0.79%,$17.06,6.06%,$281.58
VST,3216,65.80%,1.0-1.5%,90,57.15%,$0.70,0.41%,$7.15,4.17%,$171.49
VRTX,4493,39.58%,1.0-1.5%,322,29.74%,$-0.24,-0.05%,$18.35,3.73%,$491.47
WGS,1563,97.91%,4.5-5.0%,48,86.41%,$0.44,0.49%,$13.70,15.20%,$90.15
WWR,11,176.39%,2.0-2.5%,1,193.55%,$0.50,56.82%,$-0.05,-5.68%,$0.88
W,7892,81.70%,2.0-2.5%,206,72.56%,$0.34,0.41%,$14.65,17.78%,$82.39
WFC,4279,39.00%,4.5-5.0%,133,31.71%,$-0.58,-0.66%,$1.74,2.00%,$86.98
WRBY,226,77.61%,3.0-3.5%,8,78.58%,$0.14,0.65%,$0.35,1.56%,$22.46
WMB,701,30.56%,4.5-5.0%,33,32.32%,$-0.21,-0.29%,$0.40,0.55%,$72.28
WOOF,626,65.55%,0.5-1.0%,37,56.52%,$0.08,3.19%,$0.40,15.94%,$2.51
WULF,473,111.90%,2.0-2.5%,14,109.31%,$0.29,1.78%,$0.52,3.20%,$16.26
WDAY,7394,49.97%,2.5-3.0%,244,37.47%,$0.62,0.43%,$9.98,6.91%,$144.42
WMT,2316,34.23%,4.0-4.5%,88,26.89%,$0.11,0.08%,$1.57,1.17%,$133.89
XLB,22,55.15%,0.0-0.5%,2,28.46%,$0.16,0.30%,$-0.41,-0.77%,$53.31
WPM,2784,40.99%,4.5-5.0%,157,37.96%,$-0.22,-0.15%,$2.30,1.58%,$145.90
XLE,253,33.35%,0.0-0.5%,12,25.04%,$0.13,0.23%,$0.09,0.17%,$54.35
XLK,172,29.35%,1.5-2.0%,10,25.25%,$0.55,0.39%,$0.94,0.67%,$139.56
XLU,96,24.82%,2.5-3.0%,4,21.53%,$0.05,0.11%,$-0.07,-0.15%,$46.50
XLY,43,54.04%,2.5-3.0%,5,46.04%,$0.32,0.28%,$0.10,0.09%,$116.18
XHB,2625,51.82%,4.5-5.0%,114,55.26%,$-0.27,-0.22%,$0.66,0.54%,$121.36
XLC,1300,38.54%,4.0-4.5%,52,40.56%,$-0.40,-0.35%,$0.60,0.52%,$114.58
WYNN,7676,51.92%,4.5-5.0%,224,43.74%,$-0.38,-0.34%,$2.79,2.46%,$113.39
XLF,3286,29.78%,4.5-5.0%,163,28.20%,$-0.34,-0.66%,$0.63,1.22%,$51.65
XBI,9256,41.03%,4.5-5.0%,372,35.98%,$0.12,0.09%,$1.28,1.04%,$122.86
XP,736,63.31%,3.5-4.0%,39,56.37%,$-0.32,-1.63%,$0.50,2.52%,$19.87
XLP,1746,27.67%,4.5-5.0%,61,33.84%,$-0.48,-0.54%,$0.07,0.08%,$89.51
XPEV,3459,81.04%,4.0-4.5%,106,74.46%,$-0.04,-0.24%,$1.70,9.48%,$17.94
XYZ,1340,60.78%,4.0-4.5%,30,52.73%,$0.05,0.10%,$2.13,4.28%,$49.80
ZIM,394,69.77%,1.0-1.5%,9,65.36%,$0.41,1.83%,$0.50,2.25%,$22.20
ZETA,606,84.94%,0.5-1.0%,22,69.18%,$0.13,0.87%,$1.05,6.79%,$15.46
XLI,3037,35.48%,4.5-5.0%,139,38.42%,$-1.51,-0.87%,$0.34,0.20%,$174.17
XOM,3719,31.59%,4.0-4.5%,142,26.54%,$-1.61,-1.08%,$1.58,1.06%,$148.45
XRT,2861,53.22%,4.0-4.5%,153,55.86%,$-1.24,-1.42%,$0.42,0.48%,$87.84
XLV,4514,24.80%,4.5-5.0%,208,27.27%,$-1.61,-1.02%,$0.32,0.20%,$157.67
XOP,8537,40.82%,4.5-5.0%,326,34.99%,$-1.89,-1.27%,$2.18,1.47%,$147.89
ZM,7117,58.26%,0.5-1.0%,234,46.16%,$0.41,0.44%,$22.15,23.92%,$92.60
ZS,8718,60.69%,1.0-1.5%,220,52.21%,$0.49,0.27%,$14.03,7.89%,$177.72
